Table1_ID,Table1_Name,Table2_ID_Match,Table2_Name_Match,Match_Method,Fuzzy_Score,LLM_Score
9211,ROBERT W. BAIRD & CO. INCORPORATED,,,No Match,,
9211,ROBERT W. BAIRD & CO. Inc,69006.0,ROBERT W BAIRD CO LLC,LLM Refined Fuzzy,100.0,0.8
12518,WILLIAM BLAIR & COMPANY L.L.C.,,,No Match,,
12933,"BOENNING & SCATTERGOOD, INC.",36825.0,BOENNING AND SCATTERGOOD INC,LLM Refined Fuzzy,91.0,0.8
18026,"CARTY & COMPANY, INC.",,,No Match,,
18026,"CARTY, HARDING & HEARN, INC.",,,No Match,,
25142,COUGHLIN & COMPANY INC.,42904.0,COUGHLIN AND CO INC,LLM Refined Fuzzy,82.0,0.8
25142,COUGHLIN & Co INC.,42904.0,COUGHLIN AND CO INC,LLM Refined Fuzzy,75.0,0.8
27182,D.A. DAVIDSON & CO.,62252.0,DA DAVIDSON,Fuzzy Only (LLM low confidence),100.0,0.7
36528,FIRST MIDSTATE INC.,23947.0,FIRST MIDSTATE INC,LLM Refined Fuzzy,100.0,1.0
36882,"CABRERA CAPITAL MARKETS, LLC",63910.0,CABRERA CAPITAL MARKETS,LLM Refined Fuzzy,100.0,0.8
49303,"HUTCHINSON, SHOCKEY, ERLEY & CO.",55579.0,HUTCHINSON SHOCKEY ERLEY AND CO INC,LLM Refined Fuzzy,92.0,0.85
49303,"HUNTINGTON SECURITIES, INC.",72121.0,HUNTINGTON SECURITIES INC,LLM Refined Fuzzy,100.0,0.98
49709,"AMERIPRISE FINANCIAL SERVICES, INC.",59759.0,CCS FINANCIAL SERVICES INC,LLM Refined Fuzzy,78.0,0.8
50825,H2C SECURITIES INC.,67561.0,H2C SECURITIES INC,LLM Refined Fuzzy,100.0,0.98
50916,"RBC Capital Markets, LLC",63949.0,RBC CAPITAL MARKETS LLC,LLM Refined Fuzzy,100.0,0.8
53834,"JOE JOLLY & CO., INC.",26474.0,JOE JOLLY AND CO INC,LLM Refined Fuzzy,82.0,0.8
64242,MCLINEY AND COMPANY,43755.0,MCLINEY AND CO,LLM Refined Fuzzy,81.0,0.8
71002,"MARTIN NELSON & CO., INC.",53839.0,MARTIN NELSON AND CO INC,LLM Refined Fuzzy,87.0,0.8
71260,ROTHSCHILD INC.,,,No Match,,
71260,ROTHSCHILD & CO US INC.,,,No Match,,
73956,"FIFTH THIRD SECURITIES, INC.",67477.0,FIFTH THIRD SECURITIES,LLM Refined Fuzzy,100.0,0.8
81909,"SAMUEL A. RAMIREZ & COMPANY, INC.",69681.0,SAMUEL A RAMIREZ AND CO,LLM Refined Fuzzy,90.0,0.8
84935,"ROOSEVELT & CROSS, INCORPORATED",,,No Match,,
84935,"ROOSEVELT & CROSS, Inc",30246.0,ROOSEVELT AND CROSS INC,LLM Refined Fuzzy,88.0,0.98
90608,HERBERT J. SIMS & CO. INC.,32763.0,HERBERT J SIMS AND CO INC,LLM Refined Fuzzy,88.0,0.8
90608,"HERBERT J. SIMS & CO, INC.",32763.0,HERBERT J SIMS AND CO INC,LLM Refined Fuzzy,88.0,0.8
91154,CITIGROUP GLOBAL MARKETS INC.,32611.0,CITIGROUP GLOBAL MARKETS INC,LLM Refined Fuzzy,100.0,0.98
94403,"STIFEL, NICOLAUS & COMPANY, INCORPORATED",47864.0,STIFEL NICOLAUS AND CO INC,LLM Refined Fuzzy,76.0,0.8
103623,OPPENHEIMER & CO. INC.,39484.0,OPPENHEIMER INC,LLM Refined Fuzzy,100.0,0.8
107136,"WILEY BROS.-AINTREE CAPITAL, LLC",,,No Match,,
107136,&PARTNERS,59285.0,ZAC CAPITAL PARTNERS LLC,LLM Refined Fuzzy,80.0,0.8
107238,SOUTHSTATE|DUNCANWILLIAMS SECURITIES CORP.,,,No Match,,
108634,"WULFF, HANSEN & CO.",41059.0,WULFF HANSEN AND CO,LLM Refined Fuzzy,86.0,0.8
109309,B. C. ZIEGLER & Co,50449.0,BC ZIEGLER AND CO,LLM Refined Fuzzy,80.0,0.8
109309,B. C. ZIEGLER AND COMPANY,50449.0,BC ZIEGLER AND CO,LLM Refined Fuzzy,82.0,0.8
200401,JANNEY MONTGOMERY SCOTT LLC,62863.0,JANNEY MONTGOMERY SCOTT,LLM Refined Fuzzy,100.0,0.8
201843,"FIRST TRYON SECURITIES, LLC",50704.0,FIRST TRYON SECURITIES LLC,LLM Refined Fuzzy,100.0,0.95
203129,"GREGORY J. SCHWARTZ & CO., INC.",,,No Match,,
215674,DOUGHERTY & COMPANY LLC,69070.0,DOUGHERTY,LLM Refined Fuzzy,75.0,0.8
215674,COLLIERS SECURITIES LLC,72326.0,COLLIERS SECURIES LLC,LLM Refined Fuzzy,94.0,1.0
225345,FIRST KENTUCKY SECURITIES CORPORATION,33322.0,FIRST KENTUCKY SECURITIES CORP,LLM Refined Fuzzy,89.0,0.98
225345,FIRST KENTUCKY SECURITIES Corp,33322.0,FIRST KENTUCKY SECURITIES CORP,LLM Refined Fuzzy,100.0,0.98
310436,MEKETA INVESTMENT GROUP INC                             /ADV,55376.0,INVESTMENT MANAGEMENT ADVISORY GROUP INC,LLM Refined Fuzzy,75.0,0.8
310436,MEKETA INVESTMENT GROUP INC /ADV,55376.0,INVESTMENT MANAGEMENT ADVISORY GROUP INC,Fuzzy Only (LLM low confidence),75.0,0.7
310695,"NORTHERN TRUST SECURITIES, INC.",66654.0,NORTHERN TRUST SECURITIES INC,LLM Refined Fuzzy,100.0,0.95
311887,"THE GMS GROUP, LLC",73915.0,THE GMS GROUP LLC,LLM Refined Fuzzy,100.0,1.0
311887,"GMS GROUP, LLC",61541.0,GMS GROUP,LLM Refined Fuzzy,100.0,0.8
312603,"CREWS & ASSOCIATES, INC.",63536.0,CREWS AND ASSOCIATES,LLM Refined Fuzzy,89.0,0.8
313374,"POPULAR SECURITIES, LLC",45061.0,POPULAR SECURITIES INC,LLM Refined Fuzzy,100.0,0.8
314550,"CAPROCK SECURITIES, INC.",47074.0,CAPROCK SECURITIES INC,LLM Refined Fuzzy,100.0,0.98
320279,COMMERCE BANK,52899.0,COMMERCE BANK,LLM Refined Fuzzy,100.0,1.0
702007,"CALDWELL SUTTER CAPITAL, INC.",70437.0,CALDWELL SUTTER CAPITAL INC,LLM Refined Fuzzy,100.0,0.8
708804,PODESTA & CO.,,,No Match,,
712807,"MESIROW FINANCIAL, INC.",62319.0,MESIROW FINANCIAL,LLM Refined Fuzzy,100.0,0.8
724391,KEYBANC CAPITAL MARKETS INC.,50028.0,KEYBANC CAPITAL MARKETS,LLM Refined Fuzzy,100.0,0.8
724683,PIPER JAFFRAY & CO.,24691.0,PIPER JAFFRAY INC,LLM Refined Fuzzy,100.0,0.8
724683,PIPER SANDLER & CO.,72038.0,PIPER SANDLER,LLM Refined Fuzzy,100.0,0.8
724743,"RAYMOND JAMES & ASSOCIATES, INC.",64024.0,RAYMOND JAMES AND ASSOCIATES,LLM Refined Fuzzy,92.0,0.8
725649,KAISER AND COMPANY,33657.0,KAISER AND CO,LLM Refined Fuzzy,80.0,0.98
732115,PACIFIC COMMONWEALTH CORPORATION,,,No Match,,
733070,STERNE AGEE & LEACH INC,26561.0,STERNE AGEE AND LEACH INC,LLM Refined Fuzzy,89.0,0.8
734903,BANK OF OKLAHOMA NA /OK/ /MSD,,,No Match,,
738602,"OREC SECURITIES, LLC",67561.0,H2C SECURITIES INC,LLM Refined Fuzzy,83.0,0.8
744360,"FIRST EMPIRE SECURITIES, INC.",62432.0,MFR SECURITIES INC,LLM Refined Fuzzy,76.0,0.8
748358,LAWSON FINANCIAL CORPORATION,52281.0,RANSON FINANCIAL CORP,LLM Refined Fuzzy,79.0,0.8
748532,"ROTH CAPITAL PARTNERS, LLC",70928.0,TFA CAPITAL PARTNERS,Fuzzy Only (LLM low confidence),80.0,0.7
752798,"PROEQUITIES, INC.",,,No Match,,
752798,"CONCOURSE FINANCIAL GROUP SECURITIES, INC.",73404.0,CONCOURSE FINANCIAL GROUP SECURITIES,LLM Refined Fuzzy,100.0,0.98
757657,STEPHENS INC /AR/,27612.0,STEPHENS AND CO,LLM Refined Fuzzy,87.0,0.8
764106,FIRST HAWAIIAN BANK,50381.0,FIRST NIAGARA BANK,LLM Refined Fuzzy,76.0,0.8
764650,STERN BROTHERS & CO.,39506.0,STERN BROTHERS AND CO,LLM Refined Fuzzy,88.0,0.8
768965,FIRST FINANCIAL EQUITY CORPORATION,,,No Match,,
769073,"PATRICK CAPITAL MARKETS, LLC",,,No Match,,
769993,GOLDMAN SACHS & CO,59617.0,GOLDMAN SACHS AND CO LLC,LLM Refined Fuzzy,87.0,0.8
769993,GOLDMAN SACHS & CO. LLC,59617.0,GOLDMAN SACHS AND CO LLC,LLM Refined Fuzzy,87.0,0.8
776831,"MERCHANT CAPITAL, L.L.C.",24105.0,MERCHANT CAPITAL LLC,LLM Refined Fuzzy,80.0,0.8
778167,FROST BANK /MSD,66543.0,FROST BANK CAPITAL MARKETS,LLM Refined Fuzzy,83.0,0.8
779015,THE HUNTINGTON INVESTMENT COMPANY,56631.0,HUNTINGTON INVESTMENT CO,LLM Refined Fuzzy,82.0,0.8
780131,SMITH HAYES FINANCIAL SERVICES Corp,25274.0,SMITH HAYES FINANCIAL SERVICES CORP,LLM Refined Fuzzy,100.0,0.98
780131,SMITH HAYES FINANCIAL SERVICES CORPORATION,25274.0,SMITH HAYES FINANCIAL SERVICES CORP,LLM Refined Fuzzy,90.0,0.98
780789,"UMB FINANCIAL SERVICES, INC.",66425.0,UMB FINANCIAL SERVICES INC,LLM Refined Fuzzy,100.0,0.98
783480,"AVM, L.P.",,,No Match,,
784028,"ACADEMY SECURITIES, INC.",33871.0,APEX SECURITIES INC,LLM Refined Fuzzy,79.0,0.8
786671,"BOSC, INC.",67553.0,BOSC,LLM Refined Fuzzy,100.0,0.8
786671,"BOK FINANCIAL SECURITIES, INC.",71722.0,BOK FINANCIAL SECURITIES LLC,LLM Refined Fuzzy,100.0,0.8
795361,"I.C. RIDEAU, LYONS & CO., INC",,,No Match,,
797595,ZIONS FIRST NATIONAL BANK /MSD,51148.0,ZIONS FIRST NATIONAL BANK,LLM Refined Fuzzy,93.0,1.0
797595,"ZB,N.A. /MSD",,,No Match,,
797595,"ZIONS BANCORPORATION,N.A. /MSD",,,No Match,,
800183,"STERNE AGEE FINANCIAL SERVICES, INC.",62266.0,UBS FINANCIAL SERVICES,Fuzzy Only (LLM low confidence),77.0,0.7
800183,SA STONE WEALTH MANAGEMENT INC.,,,No Match,,
806220,"COOPER MALONE MCCLAIN, INC.",45827.0,COOPER MALONE MCCLAIN INC,LLM Refined Fuzzy,100.0,0.8
809450,HARRISON SECURITIES INC /BD,53579.0,HARRISON SECURITIES INC,LLM Refined Fuzzy,93.0,0.98
810878,"ESTRADA HINOJOSA & COMPANY, INC.",67431.0,ESTRADA HINOJOSA,LLM Refined Fuzzy,84.0,0.8
811095,THORNTON FARISH INC.,29015.0,THORNTON FARISH INC,LLM Refined Fuzzy,100.0,1.0
811506,OMNI FINANCIAL GROUP INC                                /BD,77570.0,NW FINANCIAL GROUP INC,LLM Refined Fuzzy,76.0,0.8
818652,"R.M.N. SECURITIES, INC.",62243.0,RUAN SECURITIES,LLM Refined Fuzzy,90.0,0.8
820022,SCULLY CAPITAL SECURITIES CORP.,34901.0,COASTAL SECURITIES CORP,LLM Refined Fuzzy,81.0,0.8
826354,"PRAGER & CO., LLC",65822.0,PRAGER AND CO LLC,LLM Refined Fuzzy,75.0,0.98
826550,"RICE SECURITIES, LLC",53903.0,COMERICA SECURITIES,LLM Refined Fuzzy,88.0,0.8
830013,US BANK NATIONAL ASSOCIATION,,,No Match,,
831157,"MULTI-BANK SECURITIES, INC.",62243.0,RUAN SECURITIES,Fuzzy Only (LLM low confidence),80.0,0.7
842941,Haverford Trust Co,,,No Match,,
846555,"LANCASTER POLLARD & CO., LLC",53350.0,LANCASTER POLLARD AND CO,LLM Refined Fuzzy,89.0,0.8
852427,"KANE, MCKENNA CAPITAL, INC.",30657.0,KANE MCKENNA CAPITAL INC,LLM Refined Fuzzy,100.0,0.8
853168,"MELVIN SECURITIES,  L.L.C.",57459.0,CUMBERLAND SECURITIES,LLM Refined Fuzzy,76.0,0.8
855713,"ROSS, SINCLAIRE & ASSOCIATES, LLC",53693.0,ROSS SINCLAIRE AND ASSOCIATES LLC,LLM Refined Fuzzy,92.0,0.8
857602,"HARBOR FINANCIAL SERVICES, LLC",51135.0,HARDEN FINANCIAL SERVICES INC,LLM Refined Fuzzy,88.0,0.8
858873,SISUNG SECURITIES CORPORATION,36783.0,SISUNG SECURITIES CORP,LLM Refined Fuzzy,84.0,0.98
858978,CAUSEY DEMGEN & MOORE PC/CO/ /ADV,51226.0,CAUSEY DEMGEN AND MOORE INC,LLM Refined Fuzzy,90.0,0.8
860540,ALAMO CAPITAL,52097.0,ALAMO CAPITAL,LLM Refined Fuzzy,100.0,1.0
861088,STARSHAK WINZENBURG & CO,69699.0,STARSHAK WINZENBURG AND CO,LLM Refined Fuzzy,90.0,0.95
868220,"CAIN BROTHERS & COMPANY, LLC",54952.0,CAIN BROTHERS,LLM Refined Fuzzy,81.0,0.8
869783,SENTRY MANAGEMENT INC                                   /ADV,50050.0,SENTRY MANAGEMENT INC,LLM Refined Fuzzy,89.0,0.8
872049,"POWELL CAPITAL MARKETS, INC.",25838.0,POWELL CAPITAL MARKETS INC,LLM Refined Fuzzy,100.0,0.98
877538,L.J. HART AND COMPANY,,,No Match,,
882027,FISHKIND & ASSOCIATES INC                               /ADV,66015.0,FISHKIND AND ASSOCIATES,LLM Refined Fuzzy,96.0,0.8
882357,GATES CAPITAL CORPORATION,,,No Match,,
887777,DAVENPORT & Co LLC,72565.0,DAVENPORT AND CO INC,LLM Refined Fuzzy,82.0,0.8
888530,"ENGLISH CONCEPTS, INC.",,,No Match,,
891055,"SOUTHWEST SECURITIES, INC.",26646.0,SOUTHWEST SECURITIES INC,LLM Refined Fuzzy,100.0,0.98
891055,HILLTOP SECURITIES INC.,71165.0,HILLTOP SECURITIES LLC,LLM Refined Fuzzy,100.0,0.8
891529,SUTTER SECURITIES INCORPORATED,28391.0,SUTTER SECURITIES INC,LLM Refined Fuzzy,79.0,0.8
899227,MANUFACTURERS & TRADERS TRUST CO,54891.0,MANUFACTURERS AND TRADERS TRUST CO,LLM Refined Fuzzy,93.0,0.8
913414,"BlackRock Institutional Trust Company, N.A.",,,No Match,,
914866,"THE WILLIAMS CAPITAL GROUP, L.P.",50716.0,WILLIAMS CAPITAL GROUP LP,LLM Refined Fuzzy,85.0,0.8
914912,"SECURITY CAPITAL BROKERAGE, INC.",,,No Match,,
914975,STURDIVANT & CO INC,,,No Match,,
920974,"BEEKMAN SECURITIES, INC.",53374.0,BEEKMAN SECURITIES,LLM Refined Fuzzy,100.0,0.8
922113,GEORGE K. BAUM & COMPANY,36853.0,GEORGE K BAUM,LLM Refined Fuzzy,81.0,0.8
922116,MACQUARIE CAPITAL (USA) INC.,66339.0,MACQUARIE CAPITAL USA INC,LLM Refined Fuzzy,100.0,0.8
923190,"CAROLINA MUNICIPAL SECURITIES, INC.",61251.0,CAROLINA MUNICIPAL SECURITIES INC,LLM Refined Fuzzy,100.0,0.8
933237,M&T SECURITIES INC /MSD/                                /MSD,,,No Match,,
933237,"M&T Securities, Inc.",71533.0,PMA SECURITIES LLC,LLM Refined Fuzzy,89.0,0.8
935377,KUEHL CAPITAL CORPORATION,,,No Match,,
945520,"SHEARSON FINANCIAL SERVICES, LLC",63259.0,FINANCIAL SERVICES INC,LLM Refined Fuzzy,80.0,0.8
947529,VANGUARD ADVISERS INC,51099.0,GUARDIAN ADVISORS LLC,LLM Refined Fuzzy,76.0,0.8
948395,GVC CAPITAL LLC,,,No Match,,
949908,"LEWIS YOUNG ROBERTSON & BURNINGHAM, INC.",50661.0,LEWIS YOUNG ROBERTSON AND BURNINGHAM INC,LLM Refined Fuzzy,94.0,0.8
949908,"LRB PUBLIC FINANCE ADVISORS, INC.",77487.0,LRB PUBLIC FINANCE ADVISORS,LLM Refined Fuzzy,100.0,0.8
1005399,A.BRIDGE REALVEST SECURITIES CORPORATION,,,No Match,,
1006938,"NORTHLAND SECURITIES, INC.",62251.0,NORTHLAND SECURITIES,LLM Refined Fuzzy,100.0,0.8
1007095,NATIONAL PENN INVESTORS TRUST CO /PA,,,No Match,,
1009953,"GUGGENHEIM SECURITIES, LLC",,,No Match,,
1030411,"SIEBERT, BRANDFORD, SHANK & CO., L.L.C.",58927.0,SIEBERT BRANDFORD SHANK AND CO,LLM Refined Fuzzy,85.0,0.8
1030411,"SIEBERT CISNEROS SHANK & CO., L.L.C.",69822.0,SIEBERT CISNEROS SHANK AND CO LLC,LLM Refined Fuzzy,85.0,0.8
1030411,"SIEBERT WILLIAMS SHANK & CO., LLC",71892.0,SIEBERT WILLIAMS SHANK AND CO LLC,LLM Refined Fuzzy,92.0,0.8
1034184,FARR MILLER & WASHINGTON LLC/DC,,,No Match,,
1035159,"Richard Brothers, Financial Advisors",,,No Match,,
1052158,"Ameritas Investment Company, LLC /ADV",25383.0,AMERITAS INVESTMENT CORP,LLM Refined Fuzzy,82.0,0.8
1052158,AMERITAS INVESTMENT CORP /NE/                           /ADV,25383.0,AMERITAS INVESTMENT CORP,LLM Refined Fuzzy,86.0,0.8
1054646,CAPE COD FIVE CENTS SAVINGS BANK,51422.0,CAPE COD FIVE CENTS SAVINGS BANK,LLM Refined Fuzzy,100.0,1.0
1054770,DAMON ROCQUE SECURITIES CORP\                           /BD,,,No Match,,
1065360,"PERKINS FUND MARKETING, L.L.C.",,,No Match,,
1078041,GOVERNMENT CAPITAL SECURITIES CORPORATION,45542.0,GOVERNMENT CAPITAL SECURITIES CORP,LLM Refined Fuzzy,87.0,0.98
1080381,CADENCE BANK NA,1571.0,COMMERCE BANK NA,LLM Refined Fuzzy,76.0,0.85
1086555,BREMER TRUST NATIONAL ASSOCIATION,,,No Match,,
1107071,EASTERN BANK /MSD,67503.0,EASTERN BANK CAPITAL MARKETS,LLM Refined Fuzzy,86.0,0.8
1107071,EASTERN BANK MAG,67503.0,EASTERN BANK CAPITAL MARKETS,LLM Refined Fuzzy,86.0,0.8
1109557,PROSPERO CAPITAL LLC,,,No Match,,
1111585,"BROAD STREET CAPITAL MARKETS, LLC",,,No Match,,
1111640,"WELLS NELSON & ASSOCIATES, L.L.C.",66452.0,WELLS NELSON AND ASSOCIATES,LLM Refined Fuzzy,85.0,0.8
1114667,Brown Advisory LLC,66884.0,BROWN ADVISORY LLC,LLM Refined Fuzzy,100.0,1.0
1116109,"MILLER BUCKFIRE & CO., LLC",68601.0,MILLER BUCKFIRE AND CO LLC,LLM Refined Fuzzy,88.0,0.98
1121881,COLORADO FINANCIAL SERVICE CORPORATION,49987.0,LAMONT FINANCIAL SERVICES CORP,LLM Refined Fuzzy,77.0,0.8
1123374,"FORTRESS GROUP, INC.",,,No Match,,
1123374,TRAILMARK INC.,,,No Match,,
1129134,"W. R. TAYLOR & COMPANY, LLC",74396.0,WR TAYLOR AND CO,Fuzzy Only (LLM low confidence),76.0,0.7
1129526,"MUNICIPAL CAPITAL MARKETS GROUP, INC.",65134.0,MUNICIPAL CAPITAL MARKETS GROUP,LLM Refined Fuzzy,100.0,0.8
1135105,"CAPITAL MANAGEMENT OF THE CAROLINAS, LLC",,,No Match,,
1142495,WEDBUSH MORGAN SECURITIES INC,54883.0,WEDBUSH MORGAN SECURITIES INC,LLM Refined Fuzzy,100.0,1.0
1142495,WEDBUSH SECURITIES INC,62771.0,WEDBUSH SECURITIES INC,LLM Refined Fuzzy,100.0,1.0
1143263,FORUM CAPITAL SECURITIES LLC,63603.0,FRS SECURITIES LLC,LLM Refined Fuzzy,87.0,0.8
1146119,"FIRST NATIONAL CAPITAL MARKETS, INC.",32084.0,FIRST NATIONAL CAPITAL MARKETS,LLM Refined Fuzzy,100.0,0.8
1146137,DENNING & COMPANY LLC,,,No Match,,
1146172,"WILLIS SECURITIES, INC.",73826.0,SWS SECURITIES,LLM Refined Fuzzy,84.0,0.8
1146172,"GALLAGHER SECURITIES, INC",72232.0,COLLIERS SECURITIES,LLM Refined Fuzzy,81.0,0.8
1146299,"XT CAPITAL PARTNERS, LLC",70928.0,TFA CAPITAL PARTNERS,LLM Refined Fuzzy,87.0,0.8
1166316,PRIMUNI LLC,,,No Match,,
1167348,"ARGENT TRUST COMPANY, N.A.",26472.0,ARGENT TRUST CO,LLM Refined Fuzzy,75.0,0.8
1172682,"JONES LANG LASALLE SECURITIES, LLC",,,No Match,,
1174078,"EK RILEY INVESTMENTS, LLC",,,No Match,,
1175989,"AMD CAPITAL, LLC",,,No Match,,
1178722,FITZGIBBON TOIGO & CO. LLC,,,No Match,,
1179004,MVISION PRIVATE EQUITY ADVISERS USA LLC,,,No Match,,
1179791,CIM INVESTMENT MANGEMENT INC,65719.0,CIM INVESTMENT MANAGEMENT INC,LLM Refined Fuzzy,98.0,1.0
1179791,CIM INVESTMENT MANAGEMENT INC,65719.0,CIM INVESTMENT MANAGEMENT INC,LLM Refined Fuzzy,100.0,1.0
1194643,"FTI CAPITAL ADVISORS, LLC",59273.0,CAPITAL ADVISORS INC,LLM Refined Fuzzy,80.0,0.8
1208116,"BACKSTROM MCCARLEY BERRY & CO., LLC",72552.0,BACKSTROM MCCARLEY BERRY LLC,LLM Refined Fuzzy,100.0,0.8
1255435,CUMBERLAND ADVISORS INC,66465.0,CUMBERLAND ADVISORS,LLM Refined Fuzzy,100.0,0.85
1259968,UNION BANK & TRUST CO /NE/,73307.0,US BANK TRUST CO NA,LLM Refined Fuzzy,80.0,0.8
1261467,"SG AMERICAS SECURITIES, LLC",68692.0,SG AMERICAS SECURITIES LLC,LLM Refined Fuzzy,100.0,0.98
1265287,JEFFERIES LLC,66503.0,JEFFERIES,LLM Refined Fuzzy,100.0,0.8
1280139,"PICKWICK CAPITAL PARTNERS, LLC",,,No Match,,
1282186,LOS ALAMOS NATIONAL BANK,,,No Match,,
1284557,HAMERSLEY PARTNERS LLC,,,No Match,,
1289006,"AQUEDUCT CAPITAL GROUP, LLC",,,No Match,,
1302871,"TESSERA CAPITAL PARTNERS, LLC",70928.0,TFA CAPITAL PARTNERS,LLM Refined Fuzzy,79.0,0.8
1304359,"HERITAGE FINANCIAL SYSTEMS, INC.",,,No Match,,
1304359,"HERITAGE FINANCIAL SYSTEMS, LLC",,,No Match,,
1310237,"NAFA CAPITAL MARKETS, LLC",,,No Match,,
1315785,"Essex Financial Services, Inc.",59759.0,CCS FINANCIAL SERVICES INC,LLM Refined Fuzzy,87.0,0.8
1321371,ICD SECURITIES INC.,67561.0,H2C SECURITIES INC,LLM Refined Fuzzy,86.0,0.8
1333702,"SAMCO CAPITAL MARKETS, INC.",62879.0,SAMCO CAPITAL,LLM Refined Fuzzy,100.0,0.8
1336736,"CSP SECURITIES, LP",37669.0,COASTAL SECURITIES LLP,LLM Refined Fuzzy,81.0,0.8
1336973,"SECONDMARKET, INC.",,,No Match,,
1336973,"GENESIS GLOBAL TRADING, INC",,,No Match,,
1339265,MANN MANN JENSEN PARTNERS LP,,,No Match,,
1348807,"AGECROFT PARTNERS, LLC",,,No Match,,
1356238,NEWCASTLE DISTRIBUTORS LLC,,,No Match,,
1359291,MORGAN STANLEY & CO. LLC,50689.0,MORGAN STANLEY,LLM Refined Fuzzy,100.0,0.8
1366298,"GSF CAPITAL MARKETS, LLC",,,No Match,,
1383161,"BB&T SECURITIES, LLC",29823.0,IBIS SECURITIES LLC,LLM Refined Fuzzy,83.0,0.8
1383775,"HRC FUND ASSOCIATES, LLC",49230.0,ROD GUNN ASSOCIATES INC,Fuzzy Only (LLM low confidence),79.0,0.6
1385340,"MACGREGOR GLOBAL INVESTMENTS, LLC",68454.0,VERAPATH GLOBAL INVESTMENTS LLC,LLM Refined Fuzzy,76.0,0.8
1388984,"INEO CAPITAL, LLC",,,No Match,,
1392668,"TRIAGO AMERICAS, INC.",,,No Match,,
1393115,"DREXEL HAMILTON, LLC",64347.0,DREXEL HAMILTON LLC,LLM Refined Fuzzy,100.0,0.98
1393677,"ALLUVION SECURITIES, LLC",59657.0,ALLUVION SECURITIES,LLM Refined Fuzzy,100.0,0.8
1398497,"CERTUSSECURITIES, INC.",63603.0,FRS SECURITIES LLC,LLM Refined Fuzzy,80.0,0.8
1407215,"KIPLING JONES & CO., LTD.",68020.0,KIPLING JONES AND CO LTD,LLM Refined Fuzzy,87.0,0.8
1407917,"JPM ADVISORS, LLC",66690.0,PALM ADVISORS LLC,LLM Refined Fuzzy,88.0,0.8
1411263,MOELIS & COMPANY LLC,,,No Match,,
1411263,Moelis & Co LLC,,,No Match,,
1411989,POWDER POINT FINANCIAL LLC,,,No Match,,
1415872,"STRATEGIC MARKETING SOLUTIONS LTD., LLC",58472.0,STRATEGIC SOLUTIONS CENTER LLC,Fuzzy Only (LLM low confidence),80.0,0.3
1418210,"LEBENTHAL & CO., LLC",,,No Match,,
1426851,"Argent Advisors, Inc.",71257.0,ARGENT ADVISORS INC,LLM Refined Fuzzy,100.0,0.8
1427070,"First Allied Securities, Inc.",59461.0,FIRST ALBANY SECURITIES LLC,LLM Refined Fuzzy,83.0,0.8
1427202,Busey Trust CO,,,No Match,,
1427202,Busey Bank,37210.0,KEY BANK,LLM Refined Fuzzy,78.0,0.8
1428242,ARGENT TRUST Co,26472.0,ARGENT TRUST CO,LLM Refined Fuzzy,100.0,1.0
1441779,FAIRMOUNT CAPITAL ADVISORS INC,68325.0,FAIRMOUNT CAPITAL ADVISORS,LLM Refined Fuzzy,100.0,0.8
1442175,"J.J.B. Hilliard, W.L. Lyons, LLC",54989.0,JJB HILLIARD WL LYONS,LLM Refined Fuzzy,100.0,0.8
1442175,"W.L. Lyons, LLC",,,No Match,,
1445065,"BENJAMIN F. EDWARDS & COMPANY, INC.",,,No Match,,
1452684,"COASTAL SECURITIES, INC",52440.0,COASTAL SECURITIES LLC,LLM Refined Fuzzy,100.0,0.98
1452684,COASTAL SECURITIES INC,52440.0,COASTAL SECURITIES LLC,LLM Refined Fuzzy,100.0,0.95
1453599,JCRA FINANCIAL LLC,50173.0,MMA FINANCIAL LLC,LLM Refined Fuzzy,81.0,0.8
1463911,"YOUNG AMERICA CAPITAL, LLC",,,No Match,,
1470801,"Wells Fargo Securities, LLC",53507.0,WELLS FARGO BROKERAGE SECURITIES LLC,LLM Refined Fuzzy,81.0,0.85
1472444,"KGS-ALPHA CAPITAL MARKETS, L.P.",,,No Match,,
1477227,"PURSUIT CAPITAL MARKETING, LLC",,,No Match,,
1482756,ENTERPRISE BANK & TRUST,,,No Match,,
1484219,Barclays Capital INC,66502.0,BARCLAYS,LLM Refined Fuzzy,100.0,0.8
1484355,"FIRST SOUTHERN SECURITIES, LLC.",50704.0,FIRST TRYON SECURITIES LLC,LLM Refined Fuzzy,85.0,0.8
1485951,"BRANDYWINE INVESTMENT SECURITIES, LLC",,,No Match,,
1486351,CLEAN ENERGY CAPITAL SECURITIES LLC,72654.0,CLEAN ENERGY CAPITAL SECURITIES LLC,LLM Refined Fuzzy,100.0,1.0
1488377,SDDCO BROKERAGE ADVISORS LLC,,,No Match,,
1488662,"Wells Fargo Bank, National Association Municipal Products Group",,,No Match,,
1491105,BRATTLE ADVISORS LLC,72220.0,RSA ADVISORS LLC,LLM Refined Fuzzy,79.0,0.8
1492085,"CEDAR PARTNERS, LTD",52668.0,MCDONALD PARTNERS INC,LLM Refined Fuzzy,77.0,0.8
1496738,"CHURCHILL STATESIDE SECURITIES, LLC",,,No Match,,
1500531,"MBS CAPITAL MARKETS, LLC",65730.0,MBS CAPITAL MARKETS LLC,LLM Refined Fuzzy,100.0,0.98
1510788,"BRIDGEPORT PARTNERS, LLC",63308.0,BRIDGEPORT PARTNERS LLC,LLM Refined Fuzzy,100.0,0.98
1516436,"CUMBERLAND PARTNERS, LLC",57459.0,CUMBERLAND SECURITIES,LLM Refined Fuzzy,75.0,0.8
1520194,"Synovus Securities, Inc.",25808.0,SYNOVUS SECURITIES INC,LLM Refined Fuzzy,100.0,0.8
1541625,Prospera Financial Services Inc,51135.0,HARDEN FINANCIAL SERVICES INC,LLM Refined Fuzzy,81.0,0.8
1542278,CRITO CAPITAL LLC,,,No Match,,
1543191,PIEDMONT SECURITIES LLC,67407.0,PIEDMONT SECURITIES LLC,LLM Refined Fuzzy,100.0,1.0
1548133,"MILLCO ADVISORS, LP",55274.0,DEL RIO ADVISORS LLC,LLM Refined Fuzzy,84.0,0.8
1568897,"TOP CAPITAL ADVISORS, INC.",57230.0,OFK CAPITAL ADVISORS,LLM Refined Fuzzy,83.0,0.8
1569916,State Bank & Trust Co,19045.0,SUNTRUST BANK,LLM Refined Fuzzy,76.0,0.8
1586827,Burckhart Alberto Rafael,,,No Match,,
1589157,"Zomermaand Financial Advisory Services, L.L.C.",55328.0,ZOMERMAAND FINANCIAL ADVISORY SERVICES LLC,LLM Refined Fuzzy,95.0,0.8
1589994,Veyron & Co. (US) LLC,,,No Match,,
1591452,"Fiscal Advisors & Marketing, Inc",49935.0,FISCAL ADVISORS AND MARKETING INC,LLM Refined Fuzzy,93.0,0.8
1593687,Meierhenry Sargent LLP,61843.0,MEIERHENRY SARGENT LLP,LLM Refined Fuzzy,100.0,1.0
1597525,"Winters & Co Advisors, LLC",72220.0,RSA ADVISORS LLC,Fuzzy Only (LLM low confidence),79.0,0.7
1597617,Rubicon Infrastructure Advisors,,,No Match,,
1597617,Rubicon Infrastructure Advisors Unlimited Co,,,No Match,,
1598289,First River Advisory L.L.C.,50933.0,FIRST RIVER ADVISORY LLC,LLM Refined Fuzzy,91.0,0.8
1599716,Howard Joy A,,,No Match,,
1603788,PJT PARTNERS LP,,,No Match,,
1604197,"Ehlers & Associates, Inc.",68637.0,EHLERS AND ASSOCIATES,LLM Refined Fuzzy,89.0,0.8
1606944,"Speer Financial, Inc.",44320.0,SPEER FINANCIAL INC,LLM Refined Fuzzy,100.0,0.8
1607239,"Moors & Cabot, Inc.",50243.0,MOORS AND CABOT INC,LLM Refined Fuzzy,85.0,0.8
1607356,BLUHAUS CAPITAL ADVISORS LLC,67701.0,US CAPITAL ADVISORS LLC,LLM Refined Fuzzy,81.0,0.8
1607791,Caine Mitter & Associates Inc,71019.0,CAINE MITTER AND ASSOCIATES,LLM Refined Fuzzy,92.0,0.8
1607949,First Southwest Co,68931.0,FIRST SOUTHWEST LLC,LLM Refined Fuzzy,100.0,0.8
1607949,"First Southwest Company, LLC",68931.0,FIRST SOUTHWEST LLC,LLM Refined Fuzzy,86.0,0.8
1608032,"Civic Finance Advisors, LLC",66138.0,CIVIC FINANCE ADVISORS LLC,LLM Refined Fuzzy,100.0,0.98
1608033,"Columbia Capital Management, LLC",71317.0,COLUMBIA CAPITAL MANAGEMENT,LLM Refined Fuzzy,100.0,0.8
1608193,City Securities Corp,46871.0,CITY SECURITIES CORP,LLM Refined Fuzzy,100.0,0.8
1608472,"Munistat Services, Inc.",50115.0,MUNISTAT SERVICES INC,LLM Refined Fuzzy,100.0,0.8
1608698,Community Capital LLC,60622.0,COMMUNITY CAPITAL LLC,LLM Refined Fuzzy,100.0,1.0
1608705,"Strategic Solutions Center, LLC",58472.0,STRATEGIC SOLUTIONS CENTER LLC,LLM Refined Fuzzy,100.0,0.98
1608743,Echo Financial Products LLC,67440.0,ECHO FINANCIAL PRODUCTS LLC,LLM Refined Fuzzy,100.0,0.96
1608948,Health Care Network Associates,,,No Match,,
1609267,"ASCENSUS INVESTMENT ADVISORS, LLC",65086.0,CROSSROADS INVESTMENT ADVISORS LLC,LLM Refined Fuzzy,79.0,0.8
1609529,Kidwell & Co,67758.0,KIDWELL AND CO INC,LLM Refined Fuzzy,78.0,0.8
1609656,Commonwealth National Bank,3156.0,COMMONWEALTH NATIONAL BANK,LLM Refined Fuzzy,100.0,1.0
1610028,"BNY Mellon Capital Markets, LLC",61047.0,BNY MELLON CAPITAL MARKETS LLC,LLM Refined Fuzzy,100.0,0.8
1610215,"Dale Scott & Co., Inc.",67759.0,DALE SCOTT AND CO,LLM Refined Fuzzy,80.0,0.8
1610236,"Sycamore Advisors, LLC",54761.0,SYCAMORE ADVISORS LLC,LLM Refined Fuzzy,100.0,1.0
1610265,"William Euphrat Municipal Finance, Inc.",50057.0,WILLIAM EUPHRAT MUNICIPAL FINANCE INC,LLM Refined Fuzzy,100.0,0.8
1610268,"H.J. Umbaugh & Associates, Certified Public Accountants, LLP",53504.0,H J UMBAUGH AND ASSOCIATES CERTIFIED PUBLIC ACCOUNTANTS LLP,LLM Refined Fuzzy,95.0,0.8
1610370,"Phoenix Capital Partners, LLP",50319.0,PHOENIX CAPITAL PARTNERS LLP,LLM Refined Fuzzy,100.0,0.98
1610503,"Caldwell Flores Winters, Inc.",50059.0,CALDWELL FLORES WINTERS INC,LLM Refined Fuzzy,100.0,0.8
1610556,"Kensington Capital Advisors, LLC",61706.0,KENSINGTON CAPITAL ADVISORS LLC,LLM Refined Fuzzy,100.0,0.98
1610628,BLX Group LLC,63728.0,BLX GROUP LLC,LLM Refined Fuzzy,100.0,0.8
1610917,"Harrell & Co Advisors, LLC",50171.0,HARRELL AND CO ADVISORS LLC,LLM Refined Fuzzy,89.0,0.98
1611060,"Independent Public Advisors, LLC",70876.0,INDEPENDENT PUBLIC ADVISORS,LLM Refined Fuzzy,100.0,0.8
1611257,"Hunden Strategic Partners, Inc.",72993.0,BRIDGE STRATEGIC PARTNERS LLC,Fuzzy Only (LLM low confidence),84.0,0.7
1611372,"PK SECURITIES, INC.",71533.0,PMA SECURITIES LLC,LLM Refined Fuzzy,89.0,0.8
1611590,Ward Group LLC,66422.0,WARD GROUP LLC,LLM Refined Fuzzy,100.0,1.0
1611606,DEC Associates Inc,51255.0,DEC ASSOCIATES INC,LLM Refined Fuzzy,100.0,0.98
1611619,"Not for Profit Capital Strategies, LLC",,,No Match,,
1611675,"Rod Gunn Associates, Inc.",49230.0,ROD GUNN ASSOCIATES INC,LLM Refined Fuzzy,100.0,0.8
1611676,"Bernard P. Donegan, Inc.",74244.0,BERNARD P DONEGAN,LLM Refined Fuzzy,100.0,0.8
1611696,"Stephen H. McDonald & Associates, Inc.",70806.0,STEPHEN H MCDONALD AND ASSOCIATES,LLM Refined Fuzzy,94.0,0.8
1612065,Hampel Charles Edward,68469.0,CHARLES E HAMPEL,LLM Refined Fuzzy,86.0,0.98
1612212,cfX Inc,71831.0,CFX INC,LLM Refined Fuzzy,100.0,0.8
1612223,"Public Resources Advisory Group, Inc.",77920.0,PUBLIC RESOURCES ADVISORY GROUP INC,LLM Refined Fuzzy,100.0,0.8
1612224,Bartle Wells Associates,50786.0,BARTLE WELLS ASSOCIATES,LLM Refined Fuzzy,100.0,0.95
1612225,"Liberty Capital Services, LLC",52331.0,LIBERTY CAPITAL SERVICES LLC,LLM Refined Fuzzy,100.0,1.0
1612290,Rognan & Associates,61503.0,ROGNAN AND ASSOCIATES,LLM Refined Fuzzy,89.0,0.8
1612330,neveu wayne joseph,,,No Match,,
1612337,Percy Consulting LLC,57378.0,PRICE CONSULTING LLC,LLM Refined Fuzzy,85.0,0.8
1612364,"Ranson Financial Consultants, LLC",70376.0,RANSON FINANCIAL GROUP LLC,LLM Refined Fuzzy,78.0,0.85
1612420,"Lantern Associates, LLC",63019.0,LANTERN ASSOCIATES LLC,LLM Refined Fuzzy,100.0,0.98
1612423,"Raftelis Financial Consultants, Inc.",60430.0,RAFTELIS FINANCIAL CONSULTANTS INC,LLM Refined Fuzzy,100.0,0.8
1612429,"Fieldman, Rolapp & Associates, Inc.",60800.0,FIELDMAN ROLAPP AND ASSOCIATES INC,LLM Refined Fuzzy,93.0,0.85
1612430,"Fieldman Rolapp Financial Services, LLC",68231.0,FIELDMAN ROLAPP FINANCIAL SERVICES LLC,LLM Refined Fuzzy,100.0,0.98
1612505,"Public Advisory Consultants, Inc",68702.0,PUBLIC ADVISORY CONSULTANTS,LLM Refined Fuzzy,100.0,0.8
1612515,"IBERIA Wealth Advisors, a division of IBERIABANK",,,No Match,,
1612515,"IBERIA Wealth Advisors, a division of First Horizon Bank",,,No Match,,
1612587,"Spectrum Municipal Services, Inc.",49928.0,SPECTRUM MUNICIPAL SERVICES,LLM Refined Fuzzy,100.0,0.8
1612588,"Larson Consulting Services, LLC",62654.0,LARSON CONSULTING SERVICES LLC,LLM Refined Fuzzy,100.0,0.8
1612593,CapM Funding,73082.0,CAPM FUNDING,LLM Refined Fuzzy,100.0,0.8
1612595,"Applied Best Practices, LLC",,,No Match,,
1612596,"Universal Structured Finance Group, Inc.",,,No Match,,
1612599,Keygent LLC,61164.0,KEYGENT LLC,LLM Refined Fuzzy,100.0,0.98
1612756,"Roberts Consulting, LLC",68105.0,ROBERTS CONSULTING LLC,LLM Refined Fuzzy,100.0,0.98
1612772,"Liscarnan Solutions, LLC",55027.0,LISCARNAN SOLUTIONS LLC,LLM Refined Fuzzy,100.0,0.98
1612774,Lawrence Financial Consulting LLC,51513.0,LAWRENCE FINANCIAL CONSULTING LLC,LLM Refined Fuzzy,100.0,0.98
1612774,TIJERINA GALVAN LAWRENCE LLC,71723.0,TIJERINA GALVAN LAWRENCE LLC,LLM Refined Fuzzy,100.0,1.0
1612774,TIJERINA FINANCIAL CONSULTING LLC,77680.0,TIJERINA FINANCIAL CONSULTING LLC,LLM Refined Fuzzy,100.0,1.0
1612775,"Crystal Financial Consultants, Inc.",56001.0,CRYSTAL FINANCIAL CONSULTANTS INC,LLM Refined Fuzzy,100.0,0.8
1612918,"Rockmill Financial Consulting, LLC",69874.0,ROCKMILL FINANCIAL CONSULTING,LLM Refined Fuzzy,100.0,0.8
1612952,Yuba Group LLC,64441.0,YUBA GROUP LLC,LLM Refined Fuzzy,100.0,1.0
1612953,CSG Advisors Inc,67711.0,CSG ADVISORS,LLM Refined Fuzzy,100.0,0.8
1612997,"Acacia Investment Advisory Group, Inc.",,,No Match,,
1612998,"Cardea Partners East, LLC",62466.0,GREENCOAST CAPITAL PARTNERS LLC,Fuzzy Only (LLM low confidence),81.0,0.6
1612999,"Municipal Solutions, Inc.",56466.0,MUNICIPAL SOLUTIONS INC,LLM Refined Fuzzy,100.0,0.8
1613001,"Acacia Financial Group, Inc.",67027.0,ACACIA FINANCIAL GROUP,LLM Refined Fuzzy,100.0,0.8
1613201,A. M. Peche & Associates LLC,55680.0,AM PECHE AND ASSOCIATES LLC,LLM Refined Fuzzy,84.0,0.8
1613275,Bradley Payne LLC,62256.0,BRADLEY PAYNE LLC,LLM Refined Fuzzy,100.0,0.98
1613281,"Development & Public Finance, LLC",58264.0,DELTA PUBLIC FINANCE LLC,LLM Refined Fuzzy,83.0,0.8
1613365,"D. Ladd Pattillo & Associates, Inc.",51369.0,D LADD PATTILLO AND ASSOCIATES,LLM Refined Fuzzy,93.0,0.8
1613367,"Pension Consulting Alliance, Inc.",,,No Match,,
1613367,"Pension Consulting Alliance, LLC",,,No Match,,
1613443,Calhoun Baker Inc.,74687.0,CALHOUN BAKER,LLM Refined Fuzzy,100.0,0.8
1613478,"Western Financial Group, LLC",66240.0,WESTERN FINANCIAL GROUP,LLM Refined Fuzzy,100.0,0.8
1613684,"North Slope Capital Advisors, Inc.",70208.0,NORTH SLOPE CAPITAL ADVISORS INC,LLM Refined Fuzzy,100.0,0.8
1613724,Krause John Lawrence JR,,,No Match,,
1613724,Krause John Lawrence Jr.,,,No Match,,
1613724,Krause John Lawrence,,,No Match,,
1613760,Citycode Financial LLC,61446.0,CITYCODE FINANCIAL LLC,LLM Refined Fuzzy,100.0,0.8
1613761,"P3 Development Advisors, LLC",66731.0,P3 DEVELOPMENT ADVISORS LLC,LLM Refined Fuzzy,100.0,0.98
1613831,"C. M. de Crinis & Co., Inc.",50753.0,C M DE CRINIS AND CO INC,LLM Refined Fuzzy,87.0,0.8
1613872,Pop-Lazic & Co.,,,No Match,,
1613872,Pop-Lazic & Co. LLC,,,No Match,,
1613938,Springsted Investment Advisors Inc,62745.0,PINNACLE INVESTMENT ADVISORS LLC,LLM Refined Fuzzy,83.0,0.8
1613940,Springsted Inc,26933.0,SPRINGSTED INC,LLM Refined Fuzzy,100.0,0.8
1613956,"JNA Consulting Group, LLC",56497.0,JNA CONSULTING GROUP LLC,LLM Refined Fuzzy,100.0,0.8
1613983,"Friedman, Luzzatto & Co",36952.0,FRIEDMAN LUZZATTO AND CO,LLM Refined Fuzzy,89.0,0.8
1613993,Buck Financial Advisors LLC,67940.0,BUCK FINANCIAL ADVISORS,LLM Refined Fuzzy,100.0,0.8
1614042,"Capitol Public Finance Group, LLC",69897.0,CAPITOL PUBLIC FINANCE GROUP,LLM Refined Fuzzy,100.0,0.8
1614082,"Municipal Advisors Group of Boston, Inc.",64164.0,MUNICIPAL ADVISORS GROUP OF BOSTON INC,LLM Refined Fuzzy,100.0,0.98
1614144,"UniBank Fiscal Advisory Services, Inc.",49911.0,UNIBANK FISCAL ADVISORY SERVICES INC,LLM Refined Fuzzy,100.0,0.8
1614145,Mission Management & Consultants LLC,,,No Match,,
1614154,"Del Rio Advisors, LLC",55274.0,DEL RIO ADVISORS LLC,LLM Refined Fuzzy,100.0,0.98
1614196,Wolf & Co Inc.,,,No Match,,
1614197,"National Minority Consultants, Inc.",59184.0,NATIONAL MINORITY CONSULTANTS INC,LLM Refined Fuzzy,100.0,0.8
1614240,"A.C. ADVISORY, INC.",50566.0,AC ADVISORY INC,LLM Refined Fuzzy,100.0,0.8
1614245,"David Drown Associates, Inc.",69197.0,DAVID DROWN ASSOCIATES,LLM Refined Fuzzy,100.0,0.8
1614248,"Blue Rose Capital Advisors, Inc.",69018.0,BLUE ROSE CAPITAL ADVISORS,LLM Refined Fuzzy,100.0,0.8
1614248,"Blue Rose Capital Advisors, LLC",69018.0,BLUE ROSE CAPITAL ADVISORS,LLM Refined Fuzzy,100.0,0.8
1614249,"Waters & Company, LLC",50227.0,WATERS AND CO LLC,LLM Refined Fuzzy,82.0,0.8
1614281,"Montague DeRose & Associates, LLC",53894.0,MONTAGUE DEROSE AND ASSOCIATES LLC,LLM Refined Fuzzy,93.0,0.98
1614331,American Deposit Management LLC,,,No Match,,
1614351,Mohanty Gargiulo LLC,63358.0,MOHANTY GARGIULO LLC,LLM Refined Fuzzy,100.0,1.0
1614403,"Peters Municipal Consultants, LTD",66677.0,PETERS MUNICIPAL CONSULTANTS LTD,LLM Refined Fuzzy,100.0,0.8
1614403,"Peters Franklin, LTD",73038.0,PETERS FRANKLIN LTD,LLM Refined Fuzzy,100.0,0.8
1614426,Cooperman Joshua Gershon,,,No Match,,
1614472,"Frasca & Associates, LLC",53118.0,FRASCA AND ASSOCIATES LLC,LLM Refined Fuzzy,89.0,0.8
1614475,Bendzinski & Co. Municipal Finance Advisors,57238.0,BENDZINSKI AND CO MUNICIPAL FINANCE ADVISORS,LLM Refined Fuzzy,95.0,0.8
1614477,"Concord Public Financial Advisors, Inc.",50231.0,CONCORD PUBLIC FINANCIAL ADVISORS INC,LLM Refined Fuzzy,100.0,0.8
1614702,"Hobbs, Ong & Associates, Inc.",50924.0,HOBBS ONG AND ASSOCIATES INC,LLM Refined Fuzzy,91.0,0.8
1614703,Municipal Advisory Services Inc.,72588.0,UNIBANK MUNICIPAL ADVISORY SERVICES INC,LLM Refined Fuzzy,87.0,0.8
1614705,Specialized Public Finance Inc.,61828.0,SPECIALIZED PUBLIC FINANCE INC,LLM Refined Fuzzy,100.0,0.8
1614752,"Hamlin Capital Advisors, LLC",67023.0,HAMLIN CAPITAL ADVISORS LLC,LLM Refined Fuzzy,100.0,0.98
1614774,"MuniCap, Inc.",52667.0,MUNICAP INC,LLM Refined Fuzzy,100.0,0.8
1614776,Efficient Capital Corp,50263.0,EFFICIENT CAPITAL CORP,LLM Refined Fuzzy,100.0,1.0
1614792,"Wisconsin Public Finance Professionals, LLC",61254.0,WISCONSIN PUBLIC FINANCE PROFESSIONALS LLC,LLM Refined Fuzzy,100.0,0.98
1614794,Ross Financial,50722.0,ROSS FINANCIAL,LLM Refined Fuzzy,100.0,0.98
1614794,Peter J. Ross,,,No Match,,
1614858,"SRJ Government Consultants, LLC",64050.0,SRJ GOVERNMENT CONSULTANTS LLC,LLM Refined Fuzzy,100.0,0.98
1614859,"Swap Financial Group, LLC",75019.0,SWAP FINANCIAL,LLM Refined Fuzzy,100.0,0.8
1614862,DIXWORKS LLC,50207.0,DIXWORKS LLC,LLM Refined Fuzzy,100.0,1.0
1614873,"Municipal Advisor Solutions, LLC",70479.0,MUNICIPAL ADVISOR SOLUTIONS LLC,LLM Refined Fuzzy,100.0,0.98
1614911,"Blitch Associates, Inc.",63001.0,BLITCH ASSOCIATES INC,LLM Refined Fuzzy,100.0,0.8
1614912,Lamont Financial Services Corp,49987.0,LAMONT FINANCIAL SERVICES CORP,LLM Refined Fuzzy,100.0,0.98
1614942,"J. Donald Porter & Co., Inc.",71104.0,J DONALD PORTER AND CO INC,LLM Refined Fuzzy,88.0,0.8
1614947,"Rathmann & Associates, L.P.",49970.0,RATHMANN AND ASSOCIATES LP,LLM Refined Fuzzy,92.0,0.98
1615072,Sperry Capital Inc.,50094.0,SPERRY CAPITAL INC,LLM Refined Fuzzy,100.0,0.8
1615072,"Sperry Capital, Inc.",50094.0,SPERRY CAPITAL INC,LLM Refined Fuzzy,100.0,0.8
1615094,"Urban Futures, Inc.",50069.0,URBAN FUTURES INC,LLM Refined Fuzzy,100.0,0.8
1615094,"URBAN FUTURES, INC.",50069.0,URBAN FUTURES INC,LLM Refined Fuzzy,100.0,0.95
1615095,"Eppinger & Associates, LLC",69903.0,EPPINGER AND ASSOCIATES LLC,LLM Refined Fuzzy,90.0,0.98
1615129,John S. Vincent & Co LLC,77655.0,JOHN S VINCENT AND CO,LLM Refined Fuzzy,85.0,0.8
1615340,"C Financial Investment, Inc.",73169.0,C FINANCIAL INVESTMENTS INC,LLM Refined Fuzzy,98.0,0.8
1615351,Prism Municipal Advisors,52078.0,PRISM MUNICIPAL ADVISORS LLC,LLM Refined Fuzzy,100.0,0.8
1615380,Baker Group LP,50734.0,BAKER GROUP LP,LLM Refined Fuzzy,100.0,1.0
1615383,TKG & ASSOCIATES LLC,62587.0,TKG AND ASSOCIATES,LLM Refined Fuzzy,88.0,0.8
1615383,"Knight & Day Group, LLC",60652.0,KNIGHT GROUP,Fuzzy Only (LLM low confidence),75.0,0.7
1615449,"Gollahon Financial Services, Inc.",63721.0,GOLLAHON FINANCIAL SERVICES INC,LLM Refined Fuzzy,100.0,0.8
1615477,"Stauder, Barch & Associates, Inc.",29389.0,STAUDER BARCH AND ASSOCIATES INC,LLM Refined Fuzzy,92.0,0.8
1615480,Forsyth Street Advisors LLC,57370.0,FORSYTH STREET ADVISORS LLC,LLM Refined Fuzzy,100.0,0.98
1615603,"Chatham Hedging Advisors, LLC",63551.0,CHATHAM CAPITAL ADVISORS LLC,LLM Refined Fuzzy,80.0,0.8
1615741,"Dunlap & Associates, Inc.",74966.0,DUNLAP AND ASSOCIATES,LLM Refined Fuzzy,89.0,0.8
1615895,First National Bank - Hamilton,65272.0,FIRST NATIONAL BANK OF HAMILTON,LLM Refined Fuzzy,95.0,0.8
1615947,Neuberger Berman Trust Co National Association,,,No Match,,
1616021,"Comer Capital Group, LLC",69521.0,COMER CAPITAL GROUP,LLM Refined Fuzzy,100.0,0.8
1616202,Fisher Robert W. E.,68330.0,ROBERT WE FISHER,LLM Refined Fuzzy,91.0,1.0
1616206,Student Loan Capital Strategies LLC,62380.0,STUDENT LOAN CAPITAL STRATEGIES LLC,LLM Refined Fuzzy,100.0,0.98
1616206,S L Capital Strategies LLC,71286.0,SL CAPITAL STRATEGIES,LLM Refined Fuzzy,89.0,0.8
1616325,"Government Consultants, Inc.",72632.0,GOVERNMENT CONSULTANTS,LLM Refined Fuzzy,100.0,0.8
1616403,"Braun Research COnsulting, LLC",,,No Match,,
1616462,"South Avenue Investment Partners, LLC",,,No Match,,
1616508,"Carter & Sloope, Inc.",,,No Match,,
1616512,S. B. Friedman & Co,63753.0,SB FRIEDMAN AND CO,LLM Refined Fuzzy,81.0,0.8
1616512,"SB Friedman Development Advisors, LLC",73054.0,DIPERNA ECONOMIC DEVELOPMENT ADVISORS LLC,LLM Refined Fuzzy,75.0,0.8
1616703,"Cardea Partners West, Inc.",,,No Match,,
1616735,Brown Alexander Gordon,,,No Match,,
1616795,"Municipal Finance Services, Inc.",27641.0,MUNICIPAL FINANCE SERVICES INC,LLM Refined Fuzzy,100.0,0.8
1616796,Stephen L. Smith Corp.,47962.0,STEPHEN L SMITH CORP,LLM Refined Fuzzy,100.0,0.8
1616995,"BAKER TILLY MUNICIPAL ADVISORS, LLC",71486.0,BAKER TILLY MUNICIPAL ADVISORS LLC,LLM Refined Fuzzy,100.0,0.98
1617177,Government Financial Strategies inc.,47860.0,GOVERNMENT FINANCIAL STRATEGIES INC,LLM Refined Fuzzy,100.0,0.8
1617304,Donahoe Anne Marie,,,No Match,,
1617366,National Healthcare Capital LLC,,,No Match,,
1617379,"Annette Yee & Company, LLC",,,No Match,,
1617449,"Arrow Partners, Inc.",63154.0,HFA PARTNERS LLC,LLM Refined Fuzzy,77.0,0.8
1617455,Lloyd Barbara A,,,No Match,,
1617517,SJ ADVISORS LLC,69021.0,SJ ADVISORS LLC,LLM Refined Fuzzy,100.0,1.0
1617525,Lamont Investment Advisers Corp,55376.0,INVESTMENT MANAGEMENT ADVISORY GROUP INC,Fuzzy Only (LLM low confidence),76.0,0.7
1617606,"G.L. Hicks Financial, LLC",55854.0,GL HICKS FINANCIAL LLC,LLM Refined Fuzzy,100.0,0.8
1617624,"Cender & Company, L.L.C.",,,No Match,,
1617637,"S.P. Yount Financial, LLC",65698.0,SP YOUNT FINANCIAL LLC,LLM Refined Fuzzy,100.0,0.8
1617680,Osowski Brian David,,,No Match,,
1617680,"AMKO Advisors, LLC",71531.0,AMKO ADVISORS LLC,LLM Refined Fuzzy,100.0,1.0
1617749,"London Witte Group, LLC",50649.0,LONDON WITTE GROUP LLC,LLM Refined Fuzzy,100.0,0.98
1617771,"Engineering Management, Inc.",,,No Match,,
1617776,Financial S&lutions LLC,70440.0,FINANCIAL SOLUTIONS INC,LLM Refined Fuzzy,97.0,0.8
1617776,"FSL Public Finance, LLC",72783.0,FSL PUBLIC FINANCE LLC,LLM Refined Fuzzy,100.0,0.8
1617793,"Ernst & Young Infrastructure Advisors, LLC",,,No Match,,
1617795,AKF Consulting LLC,55477.0,ZA CONSULTING LLC,LLM Refined Fuzzy,86.0,0.8
1617889,"F&J Housing Group, L.L.C.",,,No Match,,
1617911,A. Dashen & Associates,67874.0,DASHEN AND ASSCOCIATES,LLM Refined Fuzzy,92.0,0.8
1617911,NORTHWEST MUNICIPAL ADVISORS,69131.0,NORTHWEST MUNICIPAL ADVISORS,LLM Refined Fuzzy,100.0,1.0
1617911,"NORTHWEST MUNICIPAL ADVISORS, INC.",69131.0,NORTHWEST MUNICIPAL ADVISORS,LLM Refined Fuzzy,100.0,0.8
1617948,PFM Swap Advisors LLC,77583.0,PFM SWAP ADVISORS LLC,LLM Refined Fuzzy,100.0,0.98
1617979,"Genesis Marketing Group, Inc.",,,No Match,,
1617993,"Public Financial Management, Inc.",62220.0,PUBLIC FINANCIAL MANAGEMENT,LLM Refined Fuzzy,100.0,0.8
1618039,"Beacon Lights Research & Advisory, LLC",,,No Match,,
1618040,"Rice Advisory, LLC",63796.0,RICE ADVISORY LLC,LLM Refined Fuzzy,100.0,0.8
1618052,Bartlett Raymond J,,,No Match,,
1618147,Oyster River Capital LP,,,No Match,,
1618172,Environmental Attribute Advisors LLC,,,No Match,,
1618282,"ACI Financial Advisors, LLC",67853.0,ACI FINANCIAL ADVISORS LLC,LLM Refined Fuzzy,100.0,0.98
1618400,"Trinity Capital Resources, LLC",71856.0,TRINITY CAPITAL RESOURCES INC,LLM Refined Fuzzy,100.0,0.8
1618524,"DiPerna & Company, LLC",,,No Match,,
1618675,THB Advisory LLC,61302.0,THB ADVISORY LLC,LLM Refined Fuzzy,100.0,0.98
1618676,NBS Government Finance Group,77561.0,GOVERNMENT FINANCE GROUP LLC,LLM Refined Fuzzy,90.0,0.8
1618706,Mercator Advisors LLC,62570.0,MERCATOR ADVISORS LLC,LLM Refined Fuzzy,100.0,1.0
1618730,"A. M. Miller & Co., Inc.",51778.0,A M MILLER AND CO INC,LLM Refined Fuzzy,83.0,0.8
1619056,DeFraites Arthur Alexander Jr,,,No Match,,
1619152,"Evergreen Capital Advisors, Inc.",50862.0,EVERGREEN CAPITAL ADVISORS INC,LLM Refined Fuzzy,100.0,0.8
1619253,John W. Meyer PhD,72219.0,JOHN W MEYER PHD,LLM Refined Fuzzy,100.0,0.8
1619494,"Avant Energy, Inc.",69808.0,AVANT ENERGY INC,LLM Refined Fuzzy,100.0,0.8
1619532,"M.E. ALLISON & CO., INC.",42862.0,ME ALLISON AND CO INC,LLM Refined Fuzzy,83.0,0.8
1619577,CliftonLarsonAllen Municipal Advisors LLC,73063.0,CALIFORNIA MUNICIPAL ADVISORS LLC,Fuzzy Only (LLM low confidence),82.0,0.75
1619659,"Longhouse Capital Advisors, LLC",72849.0,LONGHOUSE CAPITAL ADVISORS,LLM Refined Fuzzy,100.0,0.8
1619681,RSI Group LLC,69933.0,RSI GROUP,LLM Refined Fuzzy,100.0,0.8
1619711,Kings Financial Consulting Inc,63738.0,KINGS FINANCIAL CONSULTING INC,LLM Refined Fuzzy,100.0,0.98
1619778,Kitahata & Co,46132.0,KITAHATA AND CO,LLM Refined Fuzzy,80.0,0.8
1620007,"Municipal Resource Advisors, LLC",65892.0,MUNICIPAL RESOURCE ADVISORS LLC,LLM Refined Fuzzy,100.0,0.98
1620040,"Andrew Kalotay Associates, Inc.",68046.0,ANDREW KALOTAY ASSOCIATES LLC,LLM Refined Fuzzy,100.0,0.8
1620072,"Capital Markets Advisors, LLC",59273.0,CAPITAL ADVISORS INC,LLM Refined Fuzzy,100.0,0.8
1620074,"Cityview Capital Solutions, LLC",64096.0,CITYVIEW CAPITAL SOLUTIONS LLC,LLM Refined Fuzzy,100.0,0.98
1620076,Public Advisory Corp,54359.0,PUBLIC ADVISORY CORP,LLM Refined Fuzzy,100.0,0.8
1620168,Southeastern Investment Securities LLC,58506.0,SOUTHEASTERN INVESTMENT SECURITIES LLC,LLM Refined Fuzzy,100.0,0.98
1620180,"Terminus Municipal Advisors, LLC",68507.0,TERMINUS MUNICIPAL ADVISORS LLC,LLM Refined Fuzzy,100.0,1.0
1620191,Omnicap Group LLC,65829.0,OMNICAP GROUP LLC,LLM Refined Fuzzy,100.0,1.0
1620193,"VEZZETTI CAPITAL MANAGEMENT, LLC",,,No Match,,
1620194,Chaldon Associates LLC,52862.0,HELICON ASSOCIATES INC,LLM Refined Fuzzy,82.0,0.8
1620195,"Stanley P. Stone & Associates, Inc.",69124.0,STANLEY P STONE AND ASSOCIATES INC,LLM Refined Fuzzy,93.0,0.8
1620198,"Ford & Associates,Inc.",50055.0,FORD AND ASSOCIATES INC,LLM Refined Fuzzy,88.0,0.8
1620221,"Atlantic-Pacific Capital, Inc.",56801.0,PACIFIC ALLIANCE CAPITAL,LLM Refined Fuzzy,77.0,0.8
1620227,"Financial Consulting Solutions Group, Inc.",63738.0,KINGS FINANCIAL CONSULTING INC,LLM Refined Fuzzy,84.0,0.8
1620228,"Morse Associates Consulting, LLC",,,No Match,,
1620229,David Taussig & Associates,52201.0,DAVID TAUSSIG AND ASSOCIATES INC,LLM Refined Fuzzy,92.0,0.8
1620230,GUARDIAN ADVISORS LLC,51099.0,GUARDIAN ADVISORS LLC,LLM Refined Fuzzy,100.0,1.0
1620235,Public Finance Resources,68872.0,PUBLIC FINANCE RESOURCES,LLM Refined Fuzzy,100.0,0.8
1620267,Austin Meade Financial Ltd.,50572.0,AUSTIN MEADE FINANCIAL LTD,LLM Refined Fuzzy,100.0,0.8
1620270,"HFA PARTNERS, LLC",63154.0,HFA PARTNERS LLC,LLM Refined Fuzzy,100.0,0.98
1620283,Harris Housing Advisors LLC,,,No Match,,
1620291,"Wye River Capital, Inc",73393.0,WYE RIVER GROUP,Fuzzy Only (LLM low confidence),100.0,0.7
1620310,Hendrickson Mark Allan,,,No Match,,
1620319,Mazyck Advisors LLC,67777.0,MAZYCK ADVISORS LLC,LLM Refined Fuzzy,100.0,0.98
1620323,W J Fawell LLC,,,No Match,,
1620343,"Government Capital Management, LLC",52299.0,GOVERNMENT CAPITAL MANAGEMENT LLC,LLM Refined Fuzzy,100.0,0.8
1620366,Gorham Savings Bank,55384.0,GORHAM SAVINGS BANK,LLM Refined Fuzzy,100.0,1.0
1620430,"Development Planning & Financing Group, INC",58458.0,DEVELOPMENT PLANNING AND FINANCING GROUP INC,LLM Refined Fuzzy,94.0,0.8
1620454,"Susquehanna Group Advisors, Inc.",66289.0,SUSQUEHANNA GROUP ADVISORS,LLM Refined Fuzzy,100.0,0.8
1620464,North Shores Consulting Inc,68193.0,NORTH SHORES CONSULTING INC,LLM Refined Fuzzy,100.0,0.8
1620465,"Melio & Company, LLC",,,No Match,,
1620466,"Public Economics, Inc.",73167.0,PUBLIC ECONOMICS INC,LLM Refined Fuzzy,100.0,0.8
1620468,"Providence/GSE Associates, LLC",,,No Match,,
1620469,Innovative Capital,51596.0,INNOVATIVE CAPITAL LLC,LLM Refined Fuzzy,100.0,0.8
1620470,Stellate Partners LLC,53228.0,SABER PARTNERS LLC,Fuzzy Only (LLM low confidence),77.0,0.7
1620471,CaseCon Capital Inc,57175.0,CASECON CAPITAL INC,LLM Refined Fuzzy,100.0,1.0
1620486,"Fiscal Strategies Group, Inc.",50486.0,FISCAL STRATEGIES GROUP,LLM Refined Fuzzy,100.0,0.8
1620491,Western Solutions Inc.,62521.0,WESTERN SOLUTIONS INC,LLM Refined Fuzzy,100.0,0.8
1620522,Ranson Financial Corp,52281.0,RANSON FINANCIAL CORP,LLM Refined Fuzzy,100.0,0.98
1620526,"Long-Economic Development Advisors, LLC",73054.0,DIPERNA ECONOMIC DEVELOPMENT ADVISORS LLC,LLM Refined Fuzzy,85.0,0.85
1620550,"Southern Municipal Advisors, Inc.",50861.0,SOUTHERN MUNICIPAL ADVISORS INC,LLM Refined Fuzzy,100.0,0.8
1620559,"Providence Financial Co., LLC",61518.0,PROVIDENCE FINANCIAL CO LLC,LLM Refined Fuzzy,100.0,0.98
1620566,Ring McAfee & Co Inc.,52709.0,RING MCAFEE AND CO INC,LLM Refined Fuzzy,85.0,0.8
1620607,"Compass Group Affordable Housing, LLC",,,No Match,,
1620616,Independent Bond & Investment Consultants LLC,62286.0,INDEPENDENT BOND AND INVESTMENT CONSULTANTS,LLM Refined Fuzzy,95.0,0.8
1620617,Casey Charles Edward,,,No Match,,
1620618,"Community Concepts Group, Inc.",69791.0,COMMUNITY CONCEPTS GROUP,LLM Refined Fuzzy,100.0,0.8
1620619,"Tennessee Utility Assistance, LLC",67736.0,TENNESSEE UTILITY ASSISTANCE LLC,LLM Refined Fuzzy,100.0,0.8
1620620,Ironwood Advisors,68774.0,IRONWOOD ADVISORS LLC,LLM Refined Fuzzy,100.0,0.8
1620621,Crowe Horwath LLP,61674.0,CROWE HORWATH LLP,LLM Refined Fuzzy,100.0,0.98
1620621,Crowe LLP,71073.0,CROWE LLP,LLM Refined Fuzzy,100.0,0.98
1620652,"Frontier Partners, Inc.",50637.0,OBRIEN PARTNERS INC,LLM Refined Fuzzy,75.0,0.8
1620658,Central States Capital Markets LLC,66963.0,CENTRAL STATES CAPITAL MARKETS,LLM Refined Fuzzy,100.0,0.8
1620661,"O B P MUNI, LLC",50690.0,OBP MUNI LLC,LLM Refined Fuzzy,78.0,0.8
1620672,TLHocking & Associates LLC,51617.0,TL HOCKING AND ASSOCIATES LLC,LLM Refined Fuzzy,80.0,0.8
1620673,1410 Partners LLC,,,No Match,,
1620691,Pinnacle Financial Group LLC,57039.0,PINNACLE FINANCIAL GROUP LLC,LLM Refined Fuzzy,100.0,0.98
1620768,"National Capital Resources, LLC",70223.0,NATIONAL CAPITAL RESOURCES LLC,LLM Refined Fuzzy,100.0,0.98
1620783,IMG Advisory LLC,63796.0,RICE ADVISORY LLC,LLM Refined Fuzzy,80.0,0.8
1620783,"IMG Rebel Advisory, Inc.",,,No Match,,
1620783,"RebelGroup Americas, Inc.",,,No Match,,
1620784,Moody Reid Financial Advisors,64685.0,MOODY REID FINANCIAL ADVISORS,LLM Refined Fuzzy,100.0,0.98
1620784,Moody Reid Financial Advisors LP,64685.0,MOODY REID FINANCIAL ADVISORS,LLM Refined Fuzzy,95.0,0.8
1620820,"Saber Partners, LLC",53228.0,SABER PARTNERS LLC,LLM Refined Fuzzy,100.0,0.98
1620860,"IRR Corporate & Public Finance, LLC",69602.0,LIVE OAK PUBLIC FINANCE LLC,Fuzzy Only (LLM low confidence),75.0,0.7
1620861,"NW Financial Group, LLC",77570.0,NW FINANCIAL GROUP INC,LLM Refined Fuzzy,100.0,0.98
1620897,"Southwestern Capital Markets, Inc.",26952.0,SOUTHWESTERN CAPITAL MARKETS INC,LLM Refined Fuzzy,100.0,0.8
1620991,Armadale Capital Inc.,61124.0,ARMADALE CAPITAL INC,LLM Refined Fuzzy,100.0,0.8
1621036,Virginia Local Government Finance Corp,,,No Match,,
1621038,RFC & Associates LLC,58313.0,SCD ASSOCIATES LLC,LLM Refined Fuzzy,86.0,0.8
1621045,Taktix Solutions LLC,62987.0,TAKTIX SOLUTIONS LLC,LLM Refined Fuzzy,100.0,0.98
1621058,Castle Advisory Co LLC,70272.0,CASTLE ADVISORY CO,LLM Refined Fuzzy,100.0,0.8
1621061,"Provident Municipal Advisor, LLC",69100.0,PROVIDENT MUNICIPAL ADVISOR LLC,LLM Refined Fuzzy,100.0,0.98
1621069,Query & Associates LLC,69333.0,QUERY AND ASSOCIATES LLC,LLM Refined Fuzzy,89.0,0.8
1621099,"Financial Solutions Group, Inc.",70440.0,FINANCIAL SOLUTIONS INC,LLM Refined Fuzzy,100.0,0.8
1621111,Gunter William Dawson Jr.,,,No Match,,
1621113,"O.W. Krohn & Associates, LLP",50832.0,OW KROHN AND ASSOCIATES LLP,LLM Refined Fuzzy,92.0,0.8
1621119,Kentucky Association of Counties,63461.0,KENTUCKY ASSOCIATION OF COUNTIES LEASING TRUST,LLM Refined Fuzzy,81.0,0.8
1621120,"Clary Consulting, LLC",66457.0,CLARY CONSULTING LLC,LLM Refined Fuzzy,100.0,0.98
1621120,Clary Consulting Co,66457.0,CLARY CONSULTING LLC,LLM Refined Fuzzy,100.0,0.8
1621125,"Country Roads Leasing, LLC",,,No Match,,
1621128,LLC,,,No Match,,
1621128,"JFBP, LLC",,,No Match,,
1621129,"S.B. Clark, Inc.",51528.0,SB CLARK INC,LLM Refined Fuzzy,100.0,0.8
1621131,"Hooks,LLC",63952.0,HOOKS LLC,LLM Refined Fuzzy,100.0,0.85
1621142,Seslia & Co,68414.0,SESLIA AND CO INC,LLM Refined Fuzzy,75.0,0.8
1621148,Stoughton Consulting LLC,49949.0,JOHNSON CONSULTING GROUP,Fuzzy Only (LLM low confidence),75.0,0.6
1621153,"Excel Financial Advisors, Inc.",66426.0,EXCEL FINANCIAL ADVISORS INC,LLM Refined Fuzzy,100.0,0.8
1621220,Grant & Associates LLC,60941.0,GRANT AND ASSOCIATES LLC,LLM Refined Fuzzy,89.0,0.8
1621277,Leora Consulting Group LLC,56893.0,LEORA CONSULTING GROUP LLC,LLM Refined Fuzzy,100.0,1.0
1621316,CHITKARA RAVI,,,No Match,,
1621355,"H G Wilson Municipal Finance, Inc.",65724.0,HG WILSON MUNICIPAL FINANCE INC,LLM Refined Fuzzy,95.0,0.8
1621386,"Sherman, Barber & Mullikin, A Professional Corp",,,No Match,,
1621465,Kaiser Wealth Management,63903.0,KAISER WEALTH MANAGEMENT,LLM Refined Fuzzy,100.0,1.0
1621494,"Clear Scope Advisors, Inc.",63312.0,CLEAR SCOPE ADVISORS INC,LLM Refined Fuzzy,100.0,0.8
1621550,WALIA DEEPAK,,,No Match,,
1621604,"Tresor Capital Management, LLC",53047.0,SOUND CAPITAL MANAGEMENT INC,LLM Refined Fuzzy,79.0,0.8
1621671,Municipal Financial Consultants Inc,71088.0,MUNICIPAL FINANCIAL CONSULTANTS,LLM Refined Fuzzy,100.0,0.8
1621687,MGIC Corp,,,No Match,,
1621720,Stephen Szanto & Associates,61224.0,STEPHEN SZANTO AND ASSOCIATES LLC,LLM Refined Fuzzy,93.0,0.8
1621721,Charter School Services Corp,69755.0,CHARTER SCHOOL SERVICES CORP INC,LLM Refined Fuzzy,100.0,0.8
1621721,"Building Hope Services, LLC",71620.0,BUILDING HOPE SERVICES LLC,LLM Refined Fuzzy,100.0,0.98
1621722,Munkenbeck Peter,69200.0,PETER MUNKENBECK,LLM Refined Fuzzy,100.0,0.8
1621728,"Charter School Financial Services, LLC",69755.0,CHARTER SCHOOL SERVICES CORP INC,LLM Refined Fuzzy,79.0,0.8
1621729,First Tuskegee Bank,,,No Match,,
1621730,Buccilla Jerry Kent,,,No Match,,
1621875,Health Care Capital Corp.,,,No Match,,
1621881,"Malachi Financial Products, Inc.",57868.0,MALACHI FINANCIAL PRODUCTS INC,LLM Refined Fuzzy,100.0,0.95
1621957,RTM Asset Management LLC,64053.0,PFM ASSET MANAGEMENT LLC,LLM Refined Fuzzy,90.0,0.8
1621968,"Capital Link, Inc.",,,No Match,,
1622047,Brookhurst Development Corp,,,No Match,,
1622118,Oxford Advisors LLC,66271.0,OS ADVISORS INC,LLM Refined Fuzzy,77.0,0.8
1622155,Meno Accounting & Financial Services,67413.0,MENO FINANCIAL AND ACCOUNTING SERVICES,LLM Refined Fuzzy,94.0,0.98
1622156,"Cumberland Securities Company, Inc.",57459.0,CUMBERLAND SECURITIES,LLM Refined Fuzzy,89.0,0.8
1622202,Excelsior Capital Advisory Services LLC,68409.0,EXCELSIOR CAPITAL ADVISORY SERVICES LLC,LLM Refined Fuzzy,100.0,1.0
1622205,"Sudsina & Associates, LLC",62539.0,SUDSINA AND ASSOCIATES,LLM Refined Fuzzy,90.0,0.8
1622206,"Westoff, Cone & Holmstedt",33334.0,WESTHOFF CONE AND HOLMSTED,LLM Refined Fuzzy,86.0,0.8
1622206,"Westhoff, Cone & Holmstedt",33334.0,WESTHOFF CONE AND HOLMSTED,LLM Refined Fuzzy,88.0,0.8
1622217,"Kentucky Association of Counties Financial Advisors, Inc.",66596.0,KENTUCKY ASSOCIATION OF COUNTIES FINANCIAL ADVISORS INC,LLM Refined Fuzzy,100.0,0.8
1622290,CSA Building Solutions LLC,,,No Match,,
1622293,"GPM Municipal Advisors, LLC",69081.0,GPM MUNICIPAL ADVISORS LLC,LLM Refined Fuzzy,100.0,0.98
1622426,Martin J. Luby,,,No Match,,
1622426,Martin J. Luby LLC,,,No Match,,
1622462,Sturges Co,,,No Match,,
1622487,Russell Caldwell Co,67052.0,RUSSELL CALDWELL CO,LLM Refined Fuzzy,100.0,0.8
1622497,Majors Group,71568.0,MAJORS GROUP,LLM Refined Fuzzy,100.0,1.0
1622501,Genser Joshua Garth,,,No Match,,
1622502,"BARCELONA STRATEGIES, LLC",67207.0,BARCELONA STRATEGIES LLC,LLM Refined Fuzzy,100.0,1.0
1622523,Endeavour Investment Partners LLC,,,No Match,,
1622575,Bridge Strategic Partners LLC,72993.0,BRIDGE STRATEGIC PARTNERS LLC,LLM Refined Fuzzy,100.0,0.98
1622594,C2 Financial LLC,52178.0,C2 FINANCIAL LLC,LLM Refined Fuzzy,100.0,0.98
1622700,"AE2S Nexus, LLC",66129.0,AE2S NEXUS,LLM Refined Fuzzy,100.0,0.8
1622761,"MuniGroup, LLC",68947.0,MUNIGROUP LLC,LLM Refined Fuzzy,100.0,0.8
1622763,Sentry Financial Services,74432.0,SENTRY FINANCIAL SERVICES,LLM Refined Fuzzy,100.0,1.0
1622887,Eric Paul Rothstein,,,No Match,,
1622887,"Rothstein Group, LLC.",,,No Match,,
1622903,Benecke Robert,,,No Match,,
1622950,"LEGACY WEALTH MANAGEMENT, LLC",63903.0,KAISER WEALTH MANAGEMENT,LLM Refined Fuzzy,79.0,0.8
1622951,"R. K. Holman & Company, LLC",,,No Match,,
1623025,"Dolinka Group, LLC",62287.0,DOLINKA GROUP LLC,LLM Refined Fuzzy,100.0,0.98
1623025,"Cooperative Strategies, LLC",69712.0,COOPERATIVE STRATEGIES LLC,LLM Refined Fuzzy,100.0,0.98
1623035,"KPM Financial, LLC",50173.0,MMA FINANCIAL LLC,LLM Refined Fuzzy,85.0,0.8
1623047,"NHA Advisors, LLC",66591.0,NHA ADVISORS LLC,LLM Refined Fuzzy,100.0,0.98
1623052,"Keene & Associates, Ltd",59599.0,BLK ASSOCIATES LLC,LLM Refined Fuzzy,80.0,0.8
1623055,"Wrathell, Hunt & Associates, LLC",60894.0,WRATHELL HART HUNT AND ASSOCIATES LLC,LLM Refined Fuzzy,84.0,0.85
1623056,"Connors & Co. Investment Services, Inc",55932.0,MITCHELL INVESTMENT SERVICES,Fuzzy Only (LLM low confidence),75.0,0.6
1623107,LARSEN WURZEL & ASSOCIATES INC,50786.0,BARTLE WELLS ASSOCIATES,LLM Refined Fuzzy,77.0,0.8
1623229,"Catlin Consulting, LLC",67912.0,CATLIN CONSULTING LLC,LLM Refined Fuzzy,100.0,0.98
1623268,"Hinshaw Consulting, LLC an Illinois Ltd Liability Co",,,No Match,,
1623348,"Callahan CPA Group, P.C.",66455.0,CALLAHAN CPA GROUP PC,LLM Refined Fuzzy,100.0,0.85
1623383,"PHOENIX INFRASTRUCTURE ADVISORY GROUP, LLC",,,No Match,,
1623387,"Kaufman, Hall & Associates, Inc.",76843.0,KAUFMAN HALL AND ASSOCIATES LLC,LLM Refined Fuzzy,92.0,0.85
1623387,"Kaufman, Hall & Associates, LLC",76843.0,KAUFMAN HALL AND ASSOCIATES LLC,LLM Refined Fuzzy,92.0,0.98
1623391,Eastshore Consulting LLC,68193.0,NORTH SHORES CONSULTING INC,LLM Refined Fuzzy,76.0,0.85
1623522,"Aureus Partners, Inc.",62466.0,GREENCOAST CAPITAL PARTNERS LLC,Fuzzy Only (LLM low confidence),75.0,0.7
1623523,Whitney Bank Trust & Asset Management Municipal Advisors Group - a Separately Identifiable Department of Whitney Bank,,,No Match,,
1623523,Hancock Whitney Bank Municipal Advisors Group,71486.0,BAKER TILLY MUNICIPAL ADVISORS LLC,Fuzzy Only (LLM low confidence),75.0,0.7
1623548,"YMR & Associates, LLC",59599.0,BLK ASSOCIATES LLC,LLM Refined Fuzzy,79.0,0.8
1623550,"Trilogy Consulting, LLC",56429.0,TRILOGY CONSULTING GROUP INC,LLM Refined Fuzzy,100.0,0.8
1623553,"AlixPartners International, Inc.",,,No Match,,
1623602,USCA Municipal Advisors LLC,67564.0,USCA MUNICIPAL ADVISORS LLC,LLM Refined Fuzzy,100.0,0.98
1623610,"Strand Associates, Inc.",58313.0,SCD ASSOCIATES LLC,LLM Refined Fuzzy,84.0,0.8
1623660,"OCONNOR & Co SECURITIES, INC.",71994.0,OCONNOR AND CO SECURITIES,LLM Refined Fuzzy,89.0,0.8
1623791,"AEM Financial Solutions,LLC",70440.0,FINANCIAL SOLUTIONS INC,LLM Refined Fuzzy,90.0,0.8
1623791,"Abdo Financial Solutions, LLC",70440.0,FINANCIAL SOLUTIONS INC,Fuzzy Only (LLM low confidence),88.0,0.7
1623792,"Guy M Cahill & Associates, Inc.",,,No Match,,
1623839,Innovative Utility Solutions of Alabama LLC,68591.0,INNOVATIVE UTILITY SOLUTIONS OF ALABAMA LLC,LLM Refined Fuzzy,100.0,0.98
1623874,Great Disclosure LLC,,,No Match,,
1623938,"Provident Capital Group,LP",51330.0,PROVIDENT CAPITAL LLC,LLM Refined Fuzzy,90.0,0.8
1623967,"YaCari Consultants, LLC",68878.0,YACARI CONSULTANTS LLC,LLM Refined Fuzzy,100.0,0.98
1623997,"REEDY FINANCIAL GROUP, PC",62373.0,REEDY FINANCIAL GROUP PC,LLM Refined Fuzzy,100.0,1.0
1624013,"Therber, Brock & Associates, Inc.",68968.0,THERBER BROCK AND ASSOCIATES LLC,LLM Refined Fuzzy,92.0,0.8
1624013,"Therber, Brock & Associates, LLC",68968.0,THERBER BROCK AND ASSOCIATES LLC,LLM Refined Fuzzy,92.0,0.8
1624022,"Commonwealth Economics Partners, LLC",70818.0,COMMONWEALTH ECONOMICS PARTNERS LLC,LLM Refined Fuzzy,100.0,0.98
1624104,steven gortler,69190.0,STEVEN GORTLER,LLM Refined Fuzzy,100.0,1.0
1624127,"Sustainable Capital Advisors, LLC",70596.0,SUSTAINABLE CAPITAL ADVISORS LLC,LLM Refined Fuzzy,100.0,0.98
1624141,Wrobel Miriam Sophie,,,No Match,,
1624141,Miriam Wrobel Consulting LLC,,,No Match,,
1624301,"Mission Trail Advisors, LLC",68275.0,MISSION TRAIL ADVISORS LLC,LLM Refined Fuzzy,100.0,0.98
1624437,"Porter, White & Company, Inc",43994.0,PORTER WHITE AND CO INC,LLM Refined Fuzzy,88.0,0.8
1624725,"Growth Capital Associates, Inc.",61784.0,GROWTH CAPITAL ASSOCIATES INC,LLM Refined Fuzzy,100.0,0.8
1624726,Community Solutions Group,56466.0,MUNICIPAL SOLUTIONS INC,LLM Refined Fuzzy,78.0,0.8
1624824,"Phoenix Advisors, LLC",68720.0,PHOENIX ADVISORS,LLM Refined Fuzzy,100.0,0.8
1624832,"& Conway Securities, LLC",62976.0,GEARY SECURITIES INC,LLM Refined Fuzzy,84.0,0.8
1624832,"Pelican Group Securities, LLC",71533.0,PMA SECURITIES LLC,Fuzzy Only (LLM low confidence),81.0,0.7
1624889,"First American Financial Advisors, Inc.",68696.0,FIRST AMERICAN FINANCIAL ADVISORS,LLM Refined Fuzzy,100.0,0.8
1625155,"Municipal Accounts & Consulting, L.P.",,,No Match,,
1625292,Argent Trust Co,26472.0,ARGENT TRUST CO,LLM Refined Fuzzy,100.0,0.8
1625387,"Compass Municipal Advisors, LLC",68570.0,COMPASS MUNICIPAL ADVISORS,LLM Refined Fuzzy,100.0,0.8
1625799,Kimberly O. Simensen,,,No Match,,
1626020,"Fidelity Financial Services, L.C.",68231.0,FIELDMAN ROLAPP FINANCIAL SERVICES LLC,LLM Refined Fuzzy,78.0,0.85
1626066,Municipal Finance Corp,27641.0,MUNICIPAL FINANCE SERVICES INC,LLM Refined Fuzzy,76.0,0.85
1626419,Ponder & Co.,50136.0,PONDER AND CO,LLM Refined Fuzzy,75.0,0.8
1626419,Ponder & Co,50136.0,PONDER AND CO,LLM Refined Fuzzy,75.0,0.8
1626421,"High Street Consulting Group, LLC",,,No Match,,
1627236,"TIAA-CREF Tuition Financing, Inc.",,,No Match,,
1628167,"McGhee Engineering, Inc.",,,No Match,,
1628231,"Capital Markets Mangement, LLC",57343.0,CAPITAL MARKETS MANAGEMENT LLC,LLM Refined Fuzzy,95.0,0.8
1628231,"Capital Markets Management, LLC",57343.0,CAPITAL MARKETS MANAGEMENT LLC,LLM Refined Fuzzy,100.0,0.98
1628251,"DERIVATIVE ADVISORS, LLC",71560.0,MERISTEM ADVISORS LLC,LLM Refined Fuzzy,78.0,0.8
1628261,"Zions Public Finance, Inc.",68780.0,ZIONS PUBLIC FINANCE INC,LLM Refined Fuzzy,100.0,0.8
1628445,Princeton Credit LLC,,,No Match,,
1628618,"CRF Financial Group, Inc",52178.0,C2 FINANCIAL LLC,LLM Refined Fuzzy,88.0,0.8
1628895,First Infrastructure LLC,67659.0,FIRST INFRASTRUCTURE INC,LLM Refined Fuzzy,100.0,0.8
1629070,"Parenteau & Associates, Inc.",52357.0,WARREN ASSOCIATES,Fuzzy Only (LLM low confidence),81.0,0.6
1629575,WEIST LAW FIRM,,,No Match,,
1629575,California Municipal Advisors LLC,73063.0,CALIFORNIA MUNICIPAL ADVISORS LLC,LLM Refined Fuzzy,100.0,0.98
1629576,Palmieri Michael Miles,,,No Match,,
1629595,"Treasury Solutions, LLC",,,No Match,,
1629631,"De Luna Partners, Inc.",,,No Match,,
1629710,"Public Alternative Advisors, LLC",69282.0,PUBLIC ALTERNATIVE ADVISORS LLC,LLM Refined Fuzzy,100.0,0.98
1629814,GB ASSOCIATES LLC,68207.0,GB ASSOCIATES LLC,LLM Refined Fuzzy,100.0,1.0
1630025,Disclosure Advisors LLC,64764.0,ISOM ADVISORS,LLM Refined Fuzzy,75.0,0.8
1630211,Moriarty Thomas J,,,No Match,,
1630371,Exchange Place Partners,,,No Match,,
1630493,Bengali Sohail,,,No Match,,
1630493,BPF Capital LLC,68948.0,BPF CAPITAL LLC,LLM Refined Fuzzy,100.0,1.0
1630516,"VeraPath Global Investing, LLC",70902.0,VERAPATH GLOBAL INVESTING LLC,LLM Refined Fuzzy,100.0,0.8
1630592,Kosan Associates,53347.0,COOPERMAN ASSOCIATES,LLM Refined Fuzzy,82.0,0.8
1630628,RateStudies LLC,,,No Match,,
1630689,"DA Group, Inc.",,,No Match,,
1630748,Systima Capital Management LLC,72635.0,SIERRA MANAGEMENT GROUP LLC,Fuzzy Only (LLM low confidence),80.0,0.7
1630766,"New Albany Capital Partners, LLC",59881.0,NEW ALBANY CAPITAL PARTNERS LLC,LLM Refined Fuzzy,100.0,0.98
1630853,Perseverance Capital Advisors LLC,67108.0,PERSEVERANCE CAPITAL ADVISORS LLC,LLM Refined Fuzzy,100.0,0.98
1630936,"FORESIGHT CAPITAL MANAGEMENT ADVISORS, INC.",55376.0,INVESTMENT MANAGEMENT ADVISORY GROUP INC,Fuzzy Only (LLM low confidence),75.0,0.7
1630955,Environmental Capital LLC,49999.0,ENVIRONMENTAL CAPITAL,LLM Refined Fuzzy,100.0,0.8
1631061,KeyBank Municipal Advisor Department,,,No Match,,
1631076,Kosmont Realty Corp,66722.0,KOSMONT REALTY CORP,LLM Refined Fuzzy,100.0,1.0
1631079,BBC Consulting LLC,55477.0,ZA CONSULTING LLC,LLM Refined Fuzzy,76.0,0.8
1631154,Public Finance Group Inc.,55403.0,PUBLIC FINANCE GROUP INC,LLM Refined Fuzzy,100.0,0.8
1631160,Bretwood Capital Partners,74838.0,BRETWOOD CAPITAL PARTNERS LLC,LLM Refined Fuzzy,100.0,0.98
1631179,Anchor Fiscal Management LLC,51326.0,CULVER FINANCIAL MANAGEMENT INC,LLM Refined Fuzzy,75.0,0.8
1631180,Community Development Associates,69237.0,COMMUNITY DEVELOPMENT ASSOCIATES LLC,LLM Refined Fuzzy,100.0,0.8
1631180,"Community Development Associates, LLC",69237.0,COMMUNITY DEVELOPMENT ASSOCIATES LLC,LLM Refined Fuzzy,100.0,0.98
1631181,Sierra Managment Group,50050.0,SENTRY MANAGEMENT INC,LLM Refined Fuzzy,79.0,0.85
1631181,Sierra Management Group,50050.0,SENTRY MANAGEMENT INC,LLM Refined Fuzzy,82.0,0.85
1631181,"Sierra Management Group, LLC",72635.0,SIERRA MANAGEMENT GROUP LLC,LLM Refined Fuzzy,100.0,0.98
1631199,Schutter David John,,,No Match,,
1631253,"FR Group, LLC",,,No Match,,
1631274,Carter Dillon Umbaugh LLC,,,No Match,,
1631289,"C.A. WHITTAKER & ASSOCIATES, LLC",63991.0,CAIN MITTER AND ASSOCIATES INC,Fuzzy Only (LLM low confidence),78.0,0.7
1631317,Tax Credit Management Inc.,,,No Match,,
1631388,Connolly Capital Group,55033.0,CONNOLLY CAPITAL GROUP,LLM Refined Fuzzy,100.0,1.0
1631404,HOLMAN CAPITAL Corp,,,No Match,,
1631405,Madrid Napoleon Roy,,,No Match,,
1631437,Meridian Capital LLC,,,No Match,,
1631447,Dust Group,,,No Match,,
1631484,"Maloney, Reed, Scarpitti & Co LLP",68962.0,MALONEY REED SCARPITTI AND CO LLP,LLM Refined Fuzzy,93.0,0.98
1631537,Lawrenson Services Inc.,53291.0,LAWRENSON SERVICES INC,LLM Refined Fuzzy,100.0,0.8
1631559,D&G Consulting Group LLC,63144.0,DG CONSULTING GROUP LLC,LLM Refined Fuzzy,100.0,0.8
1631560,"NIGHTLINGER, COLAVITA & VOLPA, PA",,,No Match,,
1631616,"Municipal Bond Consulting, Inc.",51730.0,MUNICIPAL BOND CONSULTING INC,LLM Refined Fuzzy,100.0,0.8
1631620,"BJH Advisors, LLC",69021.0,SJ ADVISORS LLC,LLM Refined Fuzzy,87.0,0.8
1631660,Shapiro Samuel David,,,No Match,,
1631703,Cavanagh Hoyt & Associates,76776.0,CAVANAGH HOYTE AND ASSOCIATES LLC OHIO,LLM Refined Fuzzy,83.0,0.8
1631709,WFS Corp,67043.0,FSG CORP,LLM Refined Fuzzy,80.0,0.8
1631730,Toni Hackett Antrum,,,No Match,,
1631732,"Gannett Fleming Valuation & Rate Consultants, LLC",,,No Match,,
1631811,"Prassas Capital, LLC",57780.0,PRASSAS CAPITAL INC,LLM Refined Fuzzy,100.0,0.8
1631813,JLT Capital Partners LLC,70443.0,CTBH PARTNERS LLC,LLM Refined Fuzzy,80.0,0.8
1631817,"Frontera Consultants RGV, LLC",,,No Match,,
1631862,"SW DESIGN BUILD, INC.",,,No Match,,
1631898,Becker Capital & Finance LLC,68997.0,BECKER CAPITAL AND FINANCE LLC,LLM Refined Fuzzy,88.0,0.8
1631919,"MPSCHAEFER, LLC",,,No Match,,
1631933,"Johnson Research Group, Inc.",57737.0,JOHNSON RESEARCH GROUP,LLM Refined Fuzzy,100.0,0.8
1631934,Financing Ideas Inc,63520.0,FINANCING IDEAS INC,LLM Refined Fuzzy,100.0,1.0
1631974,K2 Financial LLC,77570.0,NW FINANCIAL GROUP INC,Fuzzy Only (LLM low confidence),83.0,0.7
1631977,SOA Financial,75019.0,SWAP FINANCIAL,LLM Refined Fuzzy,89.0,0.8
1632048,"G-Entry Principle, P.C.",70888.0,G ENTRY PRINCIPLE PC,LLM Refined Fuzzy,91.0,0.8
1632087,"Public Finance & Energy Advisors, LLC",66730.0,PUBLIC FINANCE AND ENERGY ADVISORS LLC,LLM Refined Fuzzy,94.0,0.98
1632117,Garffer Jerome L,,,No Match,,
1632132,"Charter Municipal Advisory Group, LLC",68741.0,CHARTER MUNICIPAL ADVISORY GROUP LLC,LLM Refined Fuzzy,100.0,0.98
1632133,Risk Overaly Associates LLC,,,No Match,,
1632133,Risk Overlay Associates LLC,,,No Match,,
1632539,"Total Compensation Group Investment Advisory Services, LP",,,No Match,,
1632667,Public Finance Group LLC,55403.0,PUBLIC FINANCE GROUP INC,LLM Refined Fuzzy,100.0,0.8
1632870,Laird Thomas Edward,,,No Match,,
1632870,Laird Thomas,,,No Match,,
1632930,Brock Steven Kyle,,,No Match,,
1633760,"CLB Porter, LLC",66676.0,CLB PORTER LLC,LLM Refined Fuzzy,100.0,0.8
1633832,Akin Bay Co LLC,,,No Match,,
1635401,"Robert Kuo Consulting, LLC",53277.0,ROBERT KUO CONSULTING LLC,LLM Refined Fuzzy,100.0,0.98
1635630,"M. Johnson Consultants, LLC",54118.0,M JOHNSON CONSULTANTS LLC,LLM Refined Fuzzy,100.0,0.8
1636285,"McGuire Sponsel, LLC",,,No Match,,
1637573,"PolyChronic PMC, LLC",,,No Match,,
1637623,MAS Financial Advisory Services LLC,63486.0,MAS FINANCIAL ADVISORY SERVICES LLC,LLM Refined Fuzzy,100.0,0.98
1638005,"INSTITUTIONAL BOND NETWORK, LLC",,,No Match,,
1638816,"MSA Professional Services, Inc",64130.0,RED HILL PROFESSIONAL SERVICES INC,LLM Refined Fuzzy,80.0,0.8
1639541,"Rockfleet Financial Services, Inc.",68648.0,ROCKFLEET FINANCIAL SERVICES,LLM Refined Fuzzy,100.0,0.8
1639752,"Grant Financial Advisors, LLC",54988.0,LAMONT FINANCIAL ADVISORS,LLM Refined Fuzzy,90.0,0.8
1640098,"Harmon Financial Advisors, Inc.",72745.0,PFM FINANCIAL ADVISORS,LLM Refined Fuzzy,85.0,0.8
1640207,"Derivative Logic, Inc.",,,No Match,,
1640367,ARK Global LLC,,,No Match,,
1640743,Rodell Angela Marie,,,No Match,,
1641378,"Red Hill Professional Services, Inc.",64130.0,RED HILL PROFESSIONAL SERVICES INC,LLM Refined Fuzzy,100.0,0.8
1642455,"PlanScape, Inc.",,,No Match,,
1642488,Standard International Group Inc.,69201.0,STANDARD INTERNATIONAL GROUP,LLM Refined Fuzzy,100.0,0.8
1643069,SAMUEL A MACRINA,,,No Match,,
1643203,"Institutional Solutions Group, LLC",,,No Match,,
1643294,Institutional Capital Management Inc.,,,No Match,,
1643555,Nielsen Stephen M,,,No Match,,
1644081,FRANCIS FINANCIAL GROUP LLC,70376.0,RANSON FINANCIAL GROUP LLC,LLM Refined Fuzzy,85.0,0.8
1645510,FBT Project Finance Advisors LLC,73051.0,FBT PROJECT FINANCE ADVISORS LLC,LLM Refined Fuzzy,100.0,0.8
1646786,Special Districts Association of Oregon Advisory Services LLC,77141.0,SPECIAL DISTRICTS ASSOCIATION OF OREGON ADVISORY SERVICES LL,LLM Refined Fuzzy,97.0,0.8
1646817,"Stinson Securities, LLC",65642.0,SISUNG SECURITIES INC,Fuzzy Only (LLM low confidence),86.0,0.7
1647387,"Hedge Point Financial, LLC",,,No Match,,
1647979,Eastern Municipal Pensions & Benefits Inc,,,No Match,,
1647979,GAPublic SOLUTIONS Inc,,,No Match,,
1648072,Froggatte & Co,25923.0,FROGGATTE AND CO,LLM Refined Fuzzy,82.0,0.8
1648289,Optimal Capital Group llc,69673.0,OPTIMAL CAPITAL GROUP,LLM Refined Fuzzy,100.0,0.8
1648925,UNPLUGGED CAPITAL LLC,,,No Match,,
1649028,"KSR Capital Advisors, Inc.",50323.0,KSR CAPITAL ADVISORS INC,LLM Refined Fuzzy,100.0,0.98
1649082,"Economic Development Group, Ltd.",70630.0,ECONOMIC DEVELOPMENT GROUP LTD,LLM Refined Fuzzy,100.0,0.8
1650295,"Silverstone Advisors, Inc.",70922.0,MASTERSON ADVISORS LLC,Fuzzy Only (LLM low confidence),79.0,0.7
1651901,Arup Advisory Inc.,67701.0,US CAPITAL ADVISORS LLC,LLM Refined Fuzzy,75.0,0.8
1652457,"T. Kiser & Associates, Inc.",53515.0,KEYSER MARSTON ASSOCIATES INC,Fuzzy Only (LLM low confidence),79.0,0.7
1652457,"T. Kiser, Inc.",72405.0,T KISER INC,LLM Refined Fuzzy,100.0,0.8
1652693,"SUMMERS, CARROLL, WHISLER LLC",,,No Match,,
1653329,Derivatives Consulting LLC,,,No Match,,
1653568,Burke Richard Stephen,,,No Match,,
1653642,Rydle Project Funding,,,No Match,,
1653980,"Coronado Investments, LLC",50724.0,MCDONALD INVESTMENTS INC,LLM Refined Fuzzy,84.0,0.8
1654409,Fray Municipal Securities,50969.0,FRAY MUNICIPAL SECURITIES INC,LLM Refined Fuzzy,100.0,0.8
1654516,"GGA Financial Services, LLC",63721.0,GOLLAHON FINANCIAL SERVICES INC,LLM Refined Fuzzy,86.0,0.8
1656167,Renasant Bank,,,No Match,,
1656478,CTBH Partners LLC,70443.0,CTBH PARTNERS LLC,LLM Refined Fuzzy,100.0,0.8
1657608,"Live Oak Public Finance, LLC",69602.0,LIVE OAK PUBLIC FINANCE LLC,LLM Refined Fuzzy,100.0,0.8
1657689,Multicultural Ventures LLC,,,No Match,,
1659483,"Shea Advisory Services, LLC",55728.0,WEISS ADVISORY SERVICES LTD,LLM Refined Fuzzy,84.0,0.8
1659483,"OP Capital Advisors, LLC",66271.0,OS ADVISORS INC,LLM Refined Fuzzy,91.0,0.8
1660258,"Gavion, LLC",,,No Match,,
1660852,Purvis & Jeffcoat Ltd Co,,,No Match,,
1661012,Northeast Municipal Advisors LLC,69276.0,NORTHEAST MUNICIPAL ADVISORS LLC,LLM Refined Fuzzy,100.0,0.98
1661016,"Shifrt 4 Consulting, L.L.C.",,,No Match,,
1661442,Corporation for Interest Rate Management 2,,,No Match,,
1661475,Municipal Capital Advisors LLC,69838.0,MUNICIPAL ADVISORS LLC,LLM Refined Fuzzy,100.0,0.8
1662824,"Versutus Capital, LLC",,,No Match,,
1663526,"BRG Fund Management Services, LLC",69854.0,BRG FUND MANAGEMENT SERVICES LLC,LLM Refined Fuzzy,100.0,0.98
1663526,"BRG Asset Management, LLC",72183.0,BRG ASSET MANAGEMENT LLC,LLM Refined Fuzzy,100.0,0.98
1663664,Olsen Fredrick Harley,,,No Match,,
1663713,DARBY JAMES JOSEPH,,,No Match,,
1664477,KPF CO LLC,,,No Match,,
1664477,"KNN PUBLIC FINANCE, LLC",69401.0,KNN PUBLIC FINANCE LLC,LLM Refined Fuzzy,100.0,0.98
1667235,"iCapital Advisors, LLC",59273.0,CAPITAL ADVISORS INC,LLM Refined Fuzzy,89.0,0.85
1669517,PFM FINANCIAL ADVISORS LLC,72745.0,PFM FINANCIAL ADVISORS,LLM Refined Fuzzy,100.0,0.8
1670633,Buckshot Strategies LLC,66796.0,BUCKSHOT STRATEGIES LLC,LLM Refined Fuzzy,100.0,1.0
1670867,Public Pension Consultants LLC,51332.0,PUBLIC FINANCE CONSULTANTS INC,LLM Refined Fuzzy,78.0,0.8
1670867,"ADVANCED MUNICIPAL PLANNERS, LLC",,,No Match,,
1671897,"Law Office of Floyd Chapman, PLLC",,,No Match,,
1672554,"Laube Capital Advisors, LLC",67701.0,US CAPITAL ADVISORS LLC,LLM Refined Fuzzy,80.0,0.8
1672962,"Emax Financial & Real Estate Advisory Services, LLC",63486.0,MAS FINANCIAL ADVISORY SERVICES LLC,LLM Refined Fuzzy,77.0,0.8
1673214,CAPITAL ADVISORY PARTNERS LLC,50139.0,MUNICIPAL ADVISORY PARTNERS INC,LLM Refined Fuzzy,77.0,0.8
1673328,Smither Properties LLC,,,No Match,,
1673545,Tschudy Will B.,63303.0,WILLIAM B TSCHUDY,LLM Refined Fuzzy,90.0,0.8
1673556,BST Associates,68207.0,GB ASSOCIATES LLC,LLM Refined Fuzzy,89.0,0.8
1673577,Claret Consulting,66457.0,CLARY CONSULTING LLC,LLM Refined Fuzzy,89.0,0.8
1673803,Educational Services Co,68658.0,EDUCATIONAL SERVICES CO LLC,LLM Refined Fuzzy,100.0,0.8
1673811,"R. Stephen Lynch & Company, Inc.",,,No Match,,
1673919,Think Forward Financial Group LLC,,,No Match,,
1674429,"Clearwater Financial, LLC",75022.0,CLEARWATER FINANCIAL LLC,LLM Refined Fuzzy,100.0,0.98
1674429,Clearwater Financial,75022.0,CLEARWATER FINANCIAL LLC,LLM Refined Fuzzy,100.0,0.8
1674821,"Grigsby & Associates, INc.",50581.0,GRIGSBY AND ASSOCIATES INC,LLM Refined Fuzzy,90.0,0.8
1675396,"Harbor Derivatives, LLC",,,No Match,,
1676633,All American Municipal Advisors LLC,50459.0,AMERICAN MUNICIPAL ADVISORS,LLM Refined Fuzzy,93.0,0.8
1678293,"CFW Advisory Services, LLC",71499.0,CFW ADVISORY SERVICES LLC,LLM Refined Fuzzy,100.0,0.98
1678328,Project Finance Advisory Ltd,77178.0,PROJECT FINANCE ADVISORY LTD,LLM Refined Fuzzy,100.0,0.8
1680196,"Public Investment Advisors, Inc.",52055.0,PUBLIC INVESTMENT ADVISORS INC,LLM Refined Fuzzy,100.0,0.8
1680852,"Omni West Group, Inc.",,,No Match,,
1681157,"Public Werks, Inc.",,,No Match,,
1681757,Entrust Advisory LLC,73475.0,AGENTIS CAPITAL ADVISORS,Fuzzy Only (LLM low confidence),75.0,0.6
1682016,"Financial Advisory Investment Management Group, LLC",55376.0,INVESTMENT MANAGEMENT ADVISORY GROUP INC,LLM Refined Fuzzy,86.0,0.8
1683042,"Reliable Municipal Advisors, LLC",71677.0,SAGE MUNICIPAL ADVISORS LLC,LLM Refined Fuzzy,84.0,0.8
1683412,p3point,,,No Match,,
1685796,Corcoran Consulting,55477.0,ZA CONSULTING LLC,Fuzzy Only (LLM low confidence),82.0,0.7
1686753,WhiteStone Capital Partners,,,No Match,,
1687668,Hyman Hemispheric LLC,70048.0,HYMAN HEMISPHERIC LLC,LLM Refined Fuzzy,100.0,0.98
1688660,"PRWA Financial Services,Inc.",51135.0,HARDEN FINANCIAL SERVICES INC,LLM Refined Fuzzy,83.0,0.8
1688889,"Heritage Institutional Services, LLC",70795.0,ARGENT INSTITUTIONAL SERVICES LLC,LLM Refined Fuzzy,87.0,0.8
1688889,"Argent Institutional Services, LLC",70795.0,ARGENT INSTITUTIONAL SERVICES LLC,LLM Refined Fuzzy,100.0,0.98
1689151,FTN Financial Municipal Advisors,70441.0,FTN FINANCIAL MUNICIPAL ADVISORS,LLM Refined Fuzzy,100.0,0.8
1689151,FHN Financial Municipal Advisors,71959.0,FHN FINANCIAL MUNICIPAL ADVISORS,LLM Refined Fuzzy,100.0,0.8
1690196,Torain Group,63391.0,TORAIN GROUP,LLM Refined Fuzzy,100.0,1.0
1690443,"Signet Securities, LLC2",73826.0,SWS SECURITIES,LLM Refined Fuzzy,75.0,0.8
1690569,Alton Health Advisors LLC,,,No Match,,
1692965,Southwest Stanford Group LLC,,,No Match,,
1693733,"R. G. Timbs, Inc.",75492.0,RG TIMBS,LLM Refined Fuzzy,82.0,0.8
1696463,"GovRates, Inc.",,,No Match,,
1696700,MW Financial Advisory Services LLC,63486.0,MAS FINANCIAL ADVISORY SERVICES LLC,LLM Refined Fuzzy,95.0,0.8
1696705,Stewart Carr LLC,70598.0,STEWART CARR LLC,LLM Refined Fuzzy,100.0,0.98
1696938,Clover Capital Corp,,,No Match,,
1698181,Leora Consulting LLC,56893.0,LEORA CONSULTING GROUP LLC,LLM Refined Fuzzy,100.0,0.8
1700511,Isosceles & Co,,,No Match,,
1701624,Nicolosi Galluzzo LLP,,,No Match,,
1701626,"Ranson Financial Group, LLC",70376.0,RANSON FINANCIAL GROUP LLC,LLM Refined Fuzzy,100.0,0.98
1701960,"Ascension Capital Enterprises, LLC",67301.0,ASCENSION CAPITAL ENTERPRISES LLC,LLM Refined Fuzzy,100.0,0.98
1704372,D B & Co,,,No Match,,
1706188,Black Holocaust Inc.,,,No Match,,
1706978,Alpine Valley Advisors LLC,70370.0,ALPINE VALLEY ADVISORS LLC,LLM Refined Fuzzy,100.0,1.0
1707578,"Elzey Consulting Group, LLC",56893.0,LEORA CONSULTING GROUP LLC,LLM Refined Fuzzy,77.0,0.85
1708984,First Midwest Municipal Lease Corp,,,No Match,,
1709411,"JM Municipal Advisors, LLC",69081.0,GPM MUNICIPAL ADVISORS LLC,LLM Refined Fuzzy,93.0,0.8
1711185,"Bright Bay Advisors, LLC",72816.0,DAYLIGHT CAPITAL ADVISORS LLC,LLM Refined Fuzzy,83.0,0.8
1711361,"Municipal Advisors of Mississippi, Inc.",70525.0,MUNICIPAL ADVISORS OF MISSISSIPPI INC,LLM Refined Fuzzy,100.0,0.8
1711840,EFG Consulting LLC,77888.0,EFG CONSULTING LLC,LLM Refined Fuzzy,100.0,0.8
1711872,Daylight Capital Advisors,72816.0,DAYLIGHT CAPITAL ADVISORS LLC,LLM Refined Fuzzy,100.0,0.96
1711872,"Daylight Capital Advisors, LLC",72816.0,DAYLIGHT CAPITAL ADVISORS LLC,LLM Refined Fuzzy,100.0,1.0
1714448,"Bridgeport Partners, LLC",63308.0,BRIDGEPORT PARTNERS LLC,LLM Refined Fuzzy,100.0,0.98
1714702,Lone Star Pace LLC,,,No Match,,
1714702,Lone Star PACE LLC,,,No Match,,
1716270,"Pilewski Financial, LLC",57039.0,PINNACLE FINANCIAL GROUP LLC,Fuzzy Only (LLM low confidence),78.0,0.7
1716846,"K-12 Capital Advisors, LLC",50323.0,KSR CAPITAL ADVISORS INC,LLM Refined Fuzzy,83.0,0.8
1717659,"Delta Managed Solutions, Inc.",52800.0,DELTA MANAGED SOLUTIONS LLC,LLM Refined Fuzzy,100.0,0.8
1719309,"IFS Planning, INC",,,No Match,,
1719863,"BANCROFT CAPITAL, LLC",,,No Match,,
1720513,Muni Funding Solutions LLC,,,No Match,,
1724245,"Oak Ridge Financial Services Group, Inc.",51135.0,HARDEN FINANCIAL SERVICES INC,Fuzzy Only (LLM low confidence),87.0,0.7
1727147,Center for Strategies & Solutions,58472.0,STRATEGIC SOLUTIONS CENTER LLC,LLM Refined Fuzzy,88.0,0.8
1727867,Callowhill Capital Advisors LLC,77427.0,CALLOWHILL CAPITAL ADVISORS,LLM Refined Fuzzy,100.0,0.8
1728006,"CRF Advisors, Inc.",53851.0,CGS ADVISORS INC,LLM Refined Fuzzy,83.0,0.8
1729355,"Marathon Capital Strategies, LLC",73420.0,MARATHON CAPITAL STRATEGIES,LLM Refined Fuzzy,100.0,0.8
1729818,"Webb Municipal Finance, LLC",51029.0,MUNICIPAL FINANCE CORP,LLM Refined Fuzzy,83.0,0.8
1730816,Ross Infrastructure Development LLC,,,No Match,,
1730909,"IFS Advisory, LLC",63796.0,RICE ADVISORY LLC,LLM Refined Fuzzy,80.0,0.8
1732526,"MFCI,LLC",71543.0,MFCI LLC,LLM Refined Fuzzy,100.0,0.8
1733578,"30 Three Sixty Public Finance, Inc.",,,No Match,,
1733756,Masterson Advisors LLC,70922.0,MASTERSON ADVISORS LLC,LLM Refined Fuzzy,100.0,0.8
1733757,"Post Oak Municipal Advisors, LLC",70921.0,POST OAK MUNICIPAL ADVISORS LLC,LLM Refined Fuzzy,100.0,0.98
1734338,"Bondry Management Consultants, LLC",73413.0,BONDRY MANAGEMENT CONSULTANTS,LLM Refined Fuzzy,100.0,0.8
1736398,"Warbird Municipal Advisors, LLC",73026.0,WARBIRD MUNICIPAL ADVISORS,LLM Refined Fuzzy,100.0,0.8
1736952,"Granite Municipal Advisors, LLC",77909.0,GRANITE MUNICIPAL ADVISORS LLC,LLM Refined Fuzzy,100.0,1.0
1736952,Granite Municipal Advisors LLC,77909.0,GRANITE MUNICIPAL ADVISORS LLC,LLM Refined Fuzzy,100.0,1.0
1742441,Meristem Advisors LLC,71560.0,MERISTEM ADVISORS LLC,LLM Refined Fuzzy,100.0,1.0
1744702,Choice Advisors LLC,71915.0,CHOICE ADVISORS,LLM Refined Fuzzy,100.0,0.8
1744750,"Motivate Capital Markets, LLC",,,No Match,,
1749994,Lechowicz & Tseng Municipal Consultants,,,No Match,,
1750223,JD Capital Markets LLC,71289.0,JD CAPITAL MARKETS LLC,LLM Refined Fuzzy,100.0,0.8
1753225,"Goodwin Consulting Group, Inc.",58163.0,HG WILSON CONSULTING,Fuzzy Only (LLM low confidence),75.0,0.6
1754416,"Keyser Marston Associates, Inc.",53515.0,KEYSER MARSTON ASSOCIATES INC,LLM Refined Fuzzy,100.0,0.8
1755168,"Bond-Aide Solutions, LLC",,,No Match,,
1755227,"Ankura Consulting Group, LLC",72927.0,ANKURA CONSULTING GROUP LLC,LLM Refined Fuzzy,100.0,0.98
1755666,"Oakdale Municipal Advisors, LLC",74995.0,OAKDALE MUNICIPAL ADVISORS,LLM Refined Fuzzy,100.0,0.8
1755779,"Kensington CA, LLC",61706.0,KENSINGTON CAPITAL ADVISORS LLC,LLM Refined Fuzzy,75.0,0.8
1757818,SDH Consulting LLC,72444.0,SDH CONSULTING LLC,LLM Refined Fuzzy,100.0,0.8
1758235,"LIVAICH COMMUNITY ENGAGEMENT, LLC",,,No Match,,
1761697,"Launch Development Finance Advisors, LLC",77891.0,LAUNCH DEVELOPMENT FINANCIAL ADVISORS LLC,LLM Refined Fuzzy,94.0,0.98
1762431,"High Performance Analytics, LLC",,,No Match,,
1763399,"Knight Capital, LLC",60652.0,KNIGHT GROUP,Fuzzy Only (LLM low confidence),100.0,0.7
1768060,"RM&P, LLC",,,No Match,,
1768428,Alvarado Mark David,,,No Match,,
1769359,"Kosmont Transactions Services, Inc.",72049.0,KOSMONT TRANSACTIONS SERVICES INC,LLM Refined Fuzzy,100.0,0.8
1771435,RDP Municipal Advisors LLC,71826.0,RDP MUNICIPAL ADVISORS LLC,LLM Refined Fuzzy,100.0,0.98
1773083,"PMA Securities, LLC",71533.0,PMA SECURITIES LLC,LLM Refined Fuzzy,100.0,0.8
1775321,Bremer Bank National Association,,,No Match,,
1776149,"Sage Municipal Advisors, LLC",71677.0,SAGE MUNICIPAL ADVISORS LLC,LLM Refined Fuzzy,100.0,0.98
1776319,"Bayshore Consulting Group, Inc.",72401.0,BAYSHORE CONSULTING GROUP INC,LLM Refined Fuzzy,100.0,0.8
1776331,"Christen Group, Inc.",,,No Match,,
1777267,"Concourse Group, LLC",,,No Match,,
1782739,Willdan Financial Services,72148.0,WILLDAN FINANCIAL SERVICES,LLM Refined Fuzzy,100.0,0.8
1783919,"FTG Advisors, LLC",72589.0,FTG ADVISORS INC,LLM Refined Fuzzy,100.0,0.8
1787052,Government Finance Group LLC,77561.0,GOVERNMENT FINANCE GROUP LLC,LLM Refined Fuzzy,100.0,0.98
1787833,Harris & Associates,52862.0,HELICON ASSOCIATES INC,LLM Refined Fuzzy,79.0,0.8
1787833,"Harris & Associates, Inc.",52862.0,HELICON ASSOCIATES INC,LLM Refined Fuzzy,79.0,0.8
1789105,"Tierra Financial Advisors, LLC",72277.0,TIERRA FINANCIAL ADVISORS LLC,LLM Refined Fuzzy,100.0,1.0
1790157,"Local Government Solutions, LLC",,,No Match,,
1791471,NatAlliance Securities LLC,52440.0,COASTAL SECURITIES LLC,LLM Refined Fuzzy,79.0,0.8
1792699,Betnun Nathan S,,,No Match,,
1794154,Davis Knights Associates,,,No Match,,
1794154,Knights Capital Group LLC,60652.0,KNIGHT GROUP,Fuzzy Only (LLM low confidence),92.0,0.7
1801462,"Key Charter Advisors, LLC",72259.0,KEY CHARTER ADVISORS LLC,LLM Refined Fuzzy,100.0,0.98
1802194,"Nutshell Associates, LLC",77720.0,NUTSHELL ASSOCIATES LLC,LLM Refined Fuzzy,100.0,0.98
1803185,"Campanile Group, Inc.",72221.0,CAMPANILE GROUP INC,LLM Refined Fuzzy,100.0,0.8
1805205,MOMENTUS SECURITIES LLC,67407.0,PIEDMONT SECURITIES LLC,LLM Refined Fuzzy,79.0,0.8
1805362,Concentric Municipal Advisors LLC,52078.0,PRISM MUNICIPAL ADVISORS LLC,LLM Refined Fuzzy,82.0,0.8
1806623,"VIUM Capital MA, LLC",,,No Match,,
1808276,"Pearl Creek Advisors, LLC",73000.0,PEARL CREEK ADVISORS LLC,LLM Refined Fuzzy,100.0,0.98
1809467,"RSA Advisors, LLC",72220.0,RSA ADVISORS LLC,LLM Refined Fuzzy,100.0,0.98
1810248,PFM CALIFORNIA ADVISORS LLC,77291.0,PFM CALIFORNIA ADVISORS LLC,LLM Refined Fuzzy,100.0,1.0
1816641,"Matrix Capital Markets Group, Inc.",72434.0,MATRIX CAPITAL MARKETS GROUP INC,LLM Refined Fuzzy,100.0,0.8
1817476,"Municipal Finance Strategies, LLC",27641.0,MUNICIPAL FINANCE SERVICES INC,LLM Refined Fuzzy,85.0,0.8
1821385,Southern Cross Financial Group LLC,,,No Match,,
1822665,CE Jones Consulting LLC,49949.0,JOHNSON CONSULTING GROUP,Fuzzy Only (LLM low confidence),77.0,0.6
1825917,Massena Associates LLC,63019.0,LANTERN ASSOCIATES LLC,LLM Refined Fuzzy,78.0,0.8
1826283,Municipal Advisory Services & Technology LLC,72588.0,UNIBANK MUNICIPAL ADVISORY SERVICES INC,LLM Refined Fuzzy,79.0,0.85
1834952,RoundTable Funding LLC,72587.0,ROUND TABLE FUNDING,LLM Refined Fuzzy,97.0,0.8
1836317,Mallory Square Capital LLC,,,No Match,,
1838493,IRON LION LLC,,,No Match,,
1840458,Cedar Ventures LLC/DE,,,No Match,,
1841534,"Frazer Lanier Company, Inc",50709.0,FRAZER LANIER CO INC,LLM Refined Fuzzy,84.0,0.98
1843989,Huron Public Finance Advisory LLC,73470.0,HURON PUBLIC FINANCE ADVISORY,LLM Refined Fuzzy,100.0,0.8
1846433,"Ridgeline Municipal Strategies, LLC",73304.0,RIDGELINE MUNICIPAL STRATEGIES LLC,LLM Refined Fuzzy,100.0,0.98
1849418,Pai Wei-Li,,,No Match,,
1852225,"TCBI SECURITIES, INC.",63725.0,TD SECURITIES LLC,LLM Refined Fuzzy,86.0,0.8
1855541,ADS Consulting/IN,55930.0,DHA CONSULTING,LLM Refined Fuzzy,75.0,0.8
1861046,"Hayat Brown, LLC",,,No Match,,
1865842,"Latitude Financial Management, LLC",,,No Match,,
1869569,"Sutter Capital Partners, LLC",53228.0,SABER PARTNERS LLC,Fuzzy Only (LLM low confidence),83.0,0.7
1878457,"Bosque Advisors, LLC",75258.0,BOSQUE ADVISORS LLC,LLM Refined Fuzzy,100.0,1.0
1879631,P3 Municipal Advisors LLC,69838.0,MUNICIPAL ADVISORS LLC,LLM Refined Fuzzy,92.0,0.85
1880060,Capital Alaska LLC,,,No Match,,
1881014,"First Tryon Advisors, LLC",68709.0,FIRST TRYON ADVISORS LLC,LLM Refined Fuzzy,100.0,0.8
1911487,Cornerstone Health Advisors LLC,,,No Match,,
1917241,"West Point Financing, Inc",,,No Match,,
1943515,ACS Management & Consulting LLC,56828.0,HNTB MANAGEMENT CONSULTING,Fuzzy Only (LLM low confidence),83.0,0.7
1947242,"Evercrest Advisors, LLC",76928.0,EVERCREST ADVISORS,LLM Refined Fuzzy,100.0,0.8
1949799,"TRB CAPITAL MARKETS, LLC",,,No Match,,
1949923,KLEINPETER FINANCIAL GROUP LLC,44320.0,SPEER FINANCIAL INC,Fuzzy Only (LLM low confidence),80.0,0.7
1952341,Harrington Rodney Jay,,,No Match,,
1955687,Greenland Risk Management LLC,,,No Match,,
1956887,"Dane Consulting Partners, LLC",,,No Match,,
1963788,"Echo Valley Advisors, LLC",77117.0,ECHO VALLEY ADVISORS LLC,LLM Refined Fuzzy,100.0,0.98
1964632,G Capital Investment Group Inc.,,,No Match,,
1973850,"Pacific Public Finance Advisors, LLC",65080.0,PUBLIC FINANCE ADVISORS LLC,LLM Refined Fuzzy,85.0,0.8
1977510,"KLC Financial Advisors, LLC",62525.0,CAPITAL FINANCIAL ADVISORS,Fuzzy Only (LLM low confidence),90.0,0.7
1981091,"Nickel Hayden Advisors, LLC",77491.0,NICKEL HAYDEN ADVISORS,LLM Refined Fuzzy,100.0,0.8
1984370,Agentis Capital Advisors Ltd.,73475.0,AGENTIS CAPITAL ADVISORS,LLM Refined Fuzzy,100.0,0.8
1986367,Starling Impact Advisors LLC,,,No Match,,
1998552,"Water Finance Exchange Municipal Advisors, Inc.",78008.0,WATER FINANCE EXCHANGE MUNICIPAL ADVISOR,LLM Refined Fuzzy,99.0,0.8
2004588,MUNICIPAL ADVISORY SOLUTIONS LLC,70479.0,MUNICIPAL ADVISOR SOLUTIONS LLC,LLM Refined Fuzzy,98.0,1.0
2006358,Smiley Arthur Chester III,,,No Match,,
2013292,A&C Galvan Group LLC,,,No Match,,
2014289,Kovack Municipal Group LLC,,,No Match,,
2014682,BGC Partners Advisory LLC,50139.0,MUNICIPAL ADVISORY PARTNERS INC,LLM Refined Fuzzy,79.0,0.8
2015149,Partner Capital Advisors LLC,76988.0,CAPITAL MARKET ADVISORS LLC,LLM Refined Fuzzy,77.0,0.8
2018374,GLC Municipal Advisors LLC,69081.0,GPM MUNICIPAL ADVISORS LLC,LLM Refined Fuzzy,91.0,0.8
2020463,"Keystone MA Group, LLC",,,No Match,,
2022027,"Water Street Public Finance, LLC",74375.0,STIFEL PUBLIC FINANCE,Fuzzy Only (LLM low confidence),75.0,0.7
2025701,Frontier One LLC,,,No Match,,
2026816,"Ampersand, Inc.",,,No Match,,
2032620,TenSquare LLC,,,No Match,,
2039856,"Ampersand Public Advisors, LLC",69282.0,PUBLIC ALTERNATIVE ADVISORS LLC,LLM Refined Fuzzy,77.0,0.8
2041221,"First Security Municipal Advisors, Inc.",67737.0,CORBY MUNICIPAL ADVISORS INC,Fuzzy Only (LLM low confidence),76.0,0.7
2053271,Patriot Advisors LLC,59731.0,TRINITY ADVISORS LLC,LLM Refined Fuzzy,81.0,0.8
2056790,"Centro Civica, LLC",,,No Match,,
748358,LAWSON FINANCIAL Corp,52281.0,RANSON FINANCIAL CORP,LLM Refined Fuzzy,89.0,0.8
888530,"PMA SECURITIES, LLC",71533.0,PMA SECURITIES LLC,LLM Refined Fuzzy,100.0,0.98
1510788,"ENTREX CAPITAL MARKET, LLC",,,No Match,,
1620194,CHALDON ASSOCIATES LLC,58313.0,SCD ASSOCIATES LLC,LLM Refined Fuzzy,81.0,0.8
1620468,"Providence Engineering & Design, LLC",,,No Match,,
1623229,"Catlin Financial, LLC",68633.0,CATLIN FINANCIAL LLC,LLM Refined Fuzzy,100.0,0.98
1758235,"LIVAICH COMMUNITY ENGAGEMENT, INC.",,,No Match,,
